{
  "_meta": {
    "schema": "continuous_field_v2_meta.schema.json",
    "n_training_points": 237,
    "n_components": 19,
    "component_names": [
      "x_viz_ts",
      "x_viz_se",
      "x_score_pdi",
      "x_score_idv",
      "x_score_mas",
      "x_score_uai",
      "x_score_lto",
      "x_score_ivr",
      "affinity_western",
      "affinity_orthodox",
      "affinity_islamic",
      "affinity_sinic",
      "affinity_hindic",
      "affinity_japanese",
      "affinity_buddhist",
      "affinity_latin_american",
      "affinity_african",
      "affinity_indigenous",
      "affinity_oceanian"
    ],
    "hyperparameters": {
      "length_scale_rad": 0.1051110636048538,
      "length_scale_km_earth": 669.6625862265236,
      "noise_variance_mean": 0.21627645716421376,
      "ml_optimised_length_scale_rad": 0.1051110636048538,
      "ml_optimised_noise_scale": 0.6364428145345333,
      "negative_log_marginal_likelihood": 5820.271351254508,
      "n_restarts": 3
    },
    "grid_step_deg": 1.0,
    "z_score_means": {
      "x_viz_ts": -0.5565234121616621,
      "x_viz_se": 0.018612253455548396,
      "x_score_pdi": 65.34612301026577,
      "x_score_idv": 35.81843595584854,
      "x_score_mas": 50.25054706181732,
      "x_score_uai": 59.27545420043223,
      "x_score_lto": 41.270373763235696,
      "x_score_ivr": 45.713718644486626,
      "affinity_western": 0.07371681424343197,
      "affinity_orthodox": 0.061642752280657,
      "affinity_islamic": 0.12697397745905026,
      "affinity_sinic": 0.07081673774956933,
      "affinity_hindic": 0.09903379288171389,
      "affinity_japanese": 0.027400465582250493,
      "affinity_buddhist": 0.12169538540022519,
      "affinity_latin_american": 0.08835570452717198,
      "affinity_african": 0.13431629402879108,
      "affinity_indigenous": 0.07918801191736118,
      "affinity_oceanian": 0.11686006392977766
    },
    "z_score_stds": {
      "x_viz_ts": 0.8506348107570965,
      "x_viz_se": 0.7788530621239681,
      "x_score_pdi": 13.888855201155222,
      "x_score_idv": 17.114519055829746,
      "x_score_mas": 10.500345130306385,
      "x_score_uai": 21.668080499794716,
      "x_score_lto": 17.25667206323325,
      "x_score_ivr": 17.345961506720965,
      "affinity_western": 0.11265937569713913,
      "affinity_orthodox": 0.08924164793544469,
      "affinity_islamic": 0.05671655301668321,
      "affinity_sinic": 0.07496072739775227,
      "affinity_hindic": 0.08094313657098899,
      "affinity_japanese": 0.0795817992442391,
      "affinity_buddhist": 0.05118714601144334,
      "affinity_latin_american": 0.07341956199885206,
      "affinity_african": 0.06620497423246054,
      "affinity_indigenous": 0.04622873158245078,
      "affinity_oceanian": 0.06401682282721817
    },
    "array_names_per_component": [
      "predicted_mean",
      "gradient_longitude",
      "gradient_latitude",
      "gradient_magnitude"
    ],
    "documentation": "docs/17_continuous_field.md",
    "provenance_base_noise": {
      "observed": 0.05,
      "observed_with_dim_imputation": 0.1,
      "imputed_wvs_items": 0.25,
      "imputed_pew": 0.45,
      "imputed_governance": 0.45,
      "centroid_prior": 1.2,
      "unresolved": 1.5
    },
    "arrays_archive_path": "packages/civvec_core/basis/continuous_field_v2_arrays.npz"
  },
  "grid": {
    "longitudes_deg": [
      -180.0,
      -179.0,
      -178.0,
      -177.0,
      -176.0,
      -175.0,
      -174.0,
      -173.0,
      -172.0,
      -171.0,
      -170.0,
      -169.0,
      -168.0,
      -167.0,
      -166.0,
      -165.0,
      -164.0,
      -163.0,
      -162.0,
      -161.0,
      -160.0,
      -159.0,
      -158.0,
      -157.0,
      -156.0,
      -155.0,
      -154.0,
      -153.0,
      -152.0,
      -151.0,
      -150.0,
      -149.0,
      -148.0,
      -147.0,
      -146.0,
      -145.0,
      -144.0,
      -143.0,
      -142.0,
      -141.0,
      -140.0,
      -139.0,
      -138.0,
      -137.0,
      -136.0,
      -135.0,
      -134.0,
      -133.0,
      -132.0,
      -131.0,
      -130.0,
      -129.0,
      -128.0,
      -127.0,
      -126.0,
      -125.0,
      -124.0,
      -123.0,
      -122.0,
      -121.0,
      -120.0,
      -119.0,
      -118.0,
      -117.0,
      -116.0,
      -115.0,
      -114.0,
      -113.0,
      -112.0,
      -111.0,
      -110.0,
      -109.0,
      -108.0,
      -107.0,
      -106.0,
      -105.0,
      -104.0,
      -103.0,
      -102.0,
      -101.0,
      -100.0,
      -99.0,
      -98.0,
      -97.0,
      -96.0,
      -95.0,
      -94.0,
      -93.0,
      -92.0,
      -91.0,
      -90.0,
      -89.0,
      -88.0,
      -87.0,
      -86.0,
      -85.0,
      -84.0,
      -83.0,
      -82.0,
      -81.0,
      -80.0,
      -79.0,
      -78.0,
      -77.0,
      -76.0,
      -75.0,
      -74.0,
      -73.0,
      -72.0,
      -71.0,
      -70.0,
      -69.0,
      -68.0,
      -67.0,
      -66.0,
      -65.0,
      -64.0,
      -63.0,
      -62.0,
      -61.0,
      -60.0,
      -59.0,
      -58.0,
      -57.0,
      -56.0,
      -55.0,
      -54.0,
      -53.0,
      -52.0,
      -51.0,
      -50.0,
      -49.0,
      -48.0,
      -47.0,
      -46.0,
      -45.0,
      -44.0,
      -43.0,
      -42.0,
      -41.0,
      -40.0,
      -39.0,
      -38.0,
      -37.0,
      -36.0,
      -35.0,
      -34.0,
      -33.0,
      -32.0,
      -31.0,
      -30.0,
      -29.0,
      -28.0,
      -27.0,
      -26.0,
      -25.0,
      -24.0,
      -23.0,
      -22.0,
      -21.0,
      -20.0,
      -19.0,
      -18.0,
      -17.0,
      -16.0,
      -15.0,
      -14.0,
      -13.0,
      -12.0,
      -11.0,
      -10.0,
      -9.0,
      -8.0,
      -7.0,
      -6.0,
      -5.0,
      -4.0,
      -3.0,
      -2.0,
      -1.0,
      0.0,
      1.0,
      2.0,
      3.0,
      4.0,
      5.0,
      6.0,
      7.0,
      8.0,
      9.0,
      10.0,
      11.0,
      12.0,
      13.0,
      14.0,
      15.0,
      16.0,
      17.0,
      18.0,
      19.0,
      20.0,
      21.0,
      22.0,
      23.0,
      24.0,
      25.0,
      26.0,
      27.0,
      28.0,
      29.0,
      30.0,
      31.0,
      32.0,
      33.0,
      34.0,
      35.0,
      36.0,
      37.0,
      38.0,
      39.0,
      40.0,
      41.0,
      42.0,
      43.0,
      44.0,
      45.0,
      46.0,
      47.0,
      48.0,
      49.0,
      50.0,
      51.0,
      52.0,
      53.0,
      54.0,
      55.0,
      56.0,
      57.0,
      58.0,
      59.0,
      60.0,
      61.0,
      62.0,
      63.0,
      64.0,
      65.0,
      66.0,
      67.0,
      68.0,
      69.0,
      70.0,
      71.0,
      72.0,
      73.0,
      74.0,
      75.0,
      76.0,
      77.0,
      78.0,
      79.0,
      80.0,
      81.0,
      82.0,
      83.0,
      84.0,
      85.0,
      86.0,
      87.0,
      88.0,
      89.0,
      90.0,
      91.0,
      92.0,
      93.0,
      94.0,
      95.0,
      96.0,
      97.0,
      98.0,
      99.0,
      100.0,
      101.0,
      102.0,
      103.0,
      104.0,
      105.0,
      106.0,
      107.0,
      108.0,
      109.0,
      110.0,
      111.0,
      112.0,
      113.0,
      114.0,
      115.0,
      116.0,
      117.0,
      118.0,
      119.0,
      120.0,
      121.0,
      122.0,
      123.0,
      124.0,
      125.0,
      126.0,
      127.0,
      128.0,
      129.0,
      130.0,
      131.0,
      132.0,
      133.0,
      134.0,
      135.0,
      136.0,
      137.0,
      138.0,
      139.0,
      140.0,
      141.0,
      142.0,
      143.0,
      144.0,
      145.0,
      146.0,
      147.0,
      148.0,
      149.0,
      150.0,
      151.0,
      152.0,
      153.0,
      154.0,
      155.0,
      156.0,
      157.0,
      158.0,
      159.0,
      160.0,
      161.0,
      162.0,
      163.0,
      164.0,
      165.0,
      166.0,
      167.0,
      168.0,
      169.0,
      170.0,
      171.0,
      172.0,
      173.0,
      174.0,
      175.0,
      176.0,
      177.0,
      178.0,
      179.0
    ],