{
  "iso3": "AFG",
  "label": null,
  "x_viz": [
    -1.9464716322427817,
    -1.1776264804629455
  ],
  "x_viz_ellipse": {
    "sigma": [
      [
        0.23293692755710943,
        0.0
      ],
      [
        0.0,
        0.4196998620067553
      ]
    ],
    "confidence_level": 0.8,
    "source": "imputed_pew"
  },
  "x_score": [
    58.16225786023857,
    34.97768683329058,
    50.573973176752425,
    16.252160682796635,
    27.086993094449625,
    12.207310660385339
  ],
  "affinity_vector": {
    "western": 0.054080890717843215,
    "orthodox": 0.023776837054054676,
    "islamic": 0.14110624697887858,
    "sinic": 0.1416272176167239,
    "hindic": 0.2895539142531415,
    "japanese": 0.009560688709113873,
    "buddhist": 0.07090124351168485,
    "latin_american": 0.025784346423588112,
    "african": 0.09368474263730776,
    "indigenous": 0.031877484578897,
    "oceanian": 0.11804638751876642
  },
  "data_quality": {
    "iw_coverage": "missing",
    "hofstede_coverage": "missing",
    "low_evidence": true,
    "x_viz_provenance": "imputed_pew",
    "x_score_provenance": "imputed_governance",
    "x_score_sigma_prior": [
      12.89482013219045,
      16.654266762366433,
      17.276090153261453,
      19.840361952573588,
      23.703391973204358,
      22.027751828622787
    ],
    "fallback_civilization_id": "islamic",
    "pew_to_iw_model": {
      "training_n": 93,
      "rmse_ts": 0.4826353981600494,
      "rmse_se": 0.647842466967669
    },
    "governance_to_hofstede_model": {
      "training_n": 63,
      "rmse_per_dimension": {
        "pdi": 12.89482013219045,
        "idv": 16.654266762366433,
        "mas": 17.276090153261453,
        "uai": 19.840361952573588,
        "lto": 23.703391973204358,
        "ivr": 22.027751828622787
      }
    }
  },
  "source_refs": [
    "pew_religious_composition_2020",
    "wgi_2022",
    "fsi_2024"
  ],
  "curated_civilization": "islamic",
  "curated_role": "core",
  "curated_civilizations_competing": null,
  "sub_cluster_id": null,
  "sub_cluster_label": null
}