{
  "iso3": "AGO",
  "label": null,
  "x_viz": [
    -1.2662865392484353,
    -0.4920031586016418
  ],
  "x_viz_ellipse": {
    "sigma": [
      [
        0.23293692755710943,
        0.0
      ],
      [
        0.0,
        0.4196998620067553
      ]
    ],
    "confidence_level": 0.8,
    "source": "imputed_pew"
  },
  "x_score": [
    66.54300775747313,
    26.10624944868203,
    52.848951526210705,
    42.74807144713093,
    33.966681664462236,
    42.46312156205889
  ],
  "affinity_vector": {
    "western": 0.032318580527264225,
    "orthodox": 0.022697575696196345,
    "islamic": 0.16643696380774115,
    "sinic": 0.08210679234961075,
    "hindic": 0.12477665623115379,
    "japanese": 0.008622550238638914,
    "buddhist": 0.12126119351784719,
    "latin_american": 0.052445261611188544,
    "african": 0.19737109149607435,
    "indigenous": 0.059918129304510466,
    "oceanian": 0.13204520521977417
  },
  "data_quality": {
    "iw_coverage": "missing",
    "hofstede_coverage": "missing",
    "low_evidence": true,
    "x_viz_provenance": "imputed_pew",
    "x_score_provenance": "imputed_governance",
    "x_score_sigma_prior": [
      12.89482013219045,
      16.654266762366433,
      17.276090153261453,
      19.840361952573588,
      23.703391973204358,
      22.027751828622787
    ],
    "fallback_civilization_id": "african",
    "pew_to_iw_model": {
      "training_n": 93,
      "rmse_ts": 0.4826353981600494,
      "rmse_se": 0.647842466967669
    },
    "governance_to_hofstede_model": {
      "training_n": 63,
      "rmse_per_dimension": {
        "pdi": 12.89482013219045,
        "idv": 16.654266762366433,
        "mas": 17.276090153261453,
        "uai": 19.840361952573588,
        "lto": 23.703391973204358,
        "ivr": 22.027751828622787
      }
    }
  },
  "source_refs": [
    "pew_religious_composition_2020",
    "wgi_2022",
    "fsi_2024"
  ],
  "curated_civilization": "african",
  "curated_role": "core",
  "curated_civilizations_competing": null,
  "sub_cluster_id": null,
  "sub_cluster_label": null
}