{
  "iso3": "AND",
  "label": null,
  "x_viz": [
    0.799499018912177,
    1.6451723169253896
  ],
  "x_viz_ellipse": {
    "sigma": [
      [
        0.14149611837262427,
        0.0
      ],
      [
        0.0,
        0.29336848480021727
      ]
    ],
    "confidence_level": 0.8,
    "source": "wvs_wave7_predicted_from_items"
  },
  "x_score": [
    70.0435648334194,
    41.81468529290233,
    48.18575699984104,
    75.64409325276887,
    52.15268577669111,
    44.39626012180095
  ],
  "affinity_vector": {
    "western": 0.04402531727069539,
    "orthodox": 0.09596367709466046,
    "islamic": 0.14643186052923385,
    "sinic": 0.044205838472674744,
    "hindic": 0.07840837555332507,
    "japanese": 0.026743196732018096,
    "buddhist": 0.1766713859550504,
    "latin_american": 0.08616392904085639,
    "african": 0.10519409041118899,
    "indigenous": 0.10964964461935081,
    "oceanian": 0.0865426843209459
  },
  "data_quality": {
    "iw_coverage": "present",
    "hofstede_coverage": "missing",
    "low_evidence": true,
    "x_viz_provenance": "imputed_wvs_items",
    "x_score_provenance": "imputed_governance",
    "x_score_sigma_prior": [
      12.89482013219045,
      16.654266762366433,
      17.276090153261453,
      19.840361952573588,
      23.703391973204358,
      22.027751828622787
    ],
    "fallback_civilization_id": "western",
    "pew_to_iw_model": {
      "training_n": 93,
      "rmse_ts": 0.4826353981600494,
      "rmse_se": 0.647842466967669
    },
    "governance_to_hofstede_model": {
      "training_n": 63,
      "rmse_per_dimension": {
        "pdi": 12.89482013219045,
        "idv": 16.654266762366433,
        "mas": 17.276090153261453,
        "uai": 19.840361952573588,
        "lto": 23.703391973204358,
        "ivr": 22.027751828622787
      }
    }
  },
  "source_refs": [
    "wgi_2022",
    "fsi_2024"
  ],
  "curated_civilization": "western",
  "curated_role": "core",
  "curated_civilizations_competing": null,
  "sub_cluster_id": null,
  "sub_cluster_label": null
}