{
  "iso3": "ARE",
  "label": null,
  "x_viz": [
    -0.36659767820396816,
    -0.17136516302920612
  ],
  "x_viz_ellipse": {
    "sigma": [
      [
        0.23293692755710943,
        0.0
      ],
      [
        0.0,
        0.4196998620067553
      ]
    ],
    "confidence_level": 0.8,
    "source": "imputed_pew"
  },
  "x_score": [
    80.02062212826294,
    28.481445396488827,
    48.925748930708565,
    60.8375625809548,
    57.27910840193399,
    43.052032129587815
  ],
  "affinity_vector": {
    "western": 0.021433292985152428,
    "orthodox": 0.0708159811803527,
    "islamic": 0.13875155222136332,
    "sinic": 0.09502570432130042,
    "hindic": 0.10114036080444715,
    "japanese": 0.01658099004603241,
    "buddhist": 0.2038223466481212,
    "latin_american": 0.05285293776066815,
    "african": 0.10885687736029612,
    "indigenous": 0.12969587116627282,
    "oceanian": 0.06102408550599338
  },
  "data_quality": {
    "iw_coverage": "missing",
    "hofstede_coverage": "missing",
    "low_evidence": true,
    "x_viz_provenance": "imputed_pew",
    "x_score_provenance": "imputed_governance",
    "x_score_sigma_prior": [
      12.89482013219045,
      16.654266762366433,
      17.276090153261453,
      19.840361952573588,
      23.703391973204358,
      22.027751828622787
    ],
    "fallback_civilization_id": "islamic",
    "pew_to_iw_model": {
      "training_n": 93,
      "rmse_ts": 0.4826353981600494,
      "rmse_se": 0.647842466967669
    },
    "governance_to_hofstede_model": {
      "training_n": 63,
      "rmse_per_dimension": {
        "pdi": 12.89482013219045,
        "idv": 16.654266762366433,
        "mas": 17.276090153261453,
        "uai": 19.840361952573588,
        "lto": 23.703391973204358,
        "ivr": 22.027751828622787
      }
    }
  },
  "source_refs": [
    "pew_religious_composition_2020",
    "wgi_2022",
    "fsi_2024"
  ],
  "curated_civilization": "islamic",
  "curated_role": "core",
  "curated_civilizations_competing": null,
  "sub_cluster_id": null,
  "sub_cluster_label": null
}