{
  "iso3": "ARG",
  "label": null,
  "x_viz": [
    -0.6,
    0.65
  ],
  "x_viz_ellipse": {
    "sigma": [
      [
        0.0324,
        0.0
      ],
      [
        0.0,
        0.0324
      ]
    ],
    "confidence_level": 0.8,
    "source": "wvs_wave7_official"
  },
  "x_score": [
    49.0,
    46.0,
    56.0,
    86.0,
    20.0,
    62.0
  ],
  "affinity_vector": {
    "western": 0.08821226984281333,
    "orthodox": 0.031329654949023095,
    "islamic": 0.1025689885446492,
    "sinic": 0.01634462145409361,
    "hindic": 0.035151543548930186,
    "japanese": 0.021928965453636363,
    "buddhist": 0.09429898391418097,
    "latin_american": 0.2485335279791517,
    "african": 0.14360348095265987,
    "indigenous": 0.0663955360935612,
    "oceanian": 0.15163242726730053
  },
  "data_quality": {
    "iw_coverage": "present",
    "hofstede_coverage": "present",
    "low_evidence": false,
    "x_viz_provenance": "observed",
    "x_score_provenance": "observed",
    "x_score_sigma_prior": null,
    "fallback_civilization_id": "latin_american",
    "pew_to_iw_model": {
      "training_n": 93,
      "rmse_ts": 0.4826353981600494,
      "rmse_se": 0.647842466967669
    },
    "governance_to_hofstede_model": {
      "training_n": 63,
      "rmse_per_dimension": {
        "pdi": 12.89482013219045,
        "idv": 16.654266762366433,
        "mas": 17.276090153261453,
        "uai": 19.840361952573588,
        "lto": 23.703391973204358,
        "ivr": 22.027751828622787
      }
    }
  },
  "source_refs": [
    "wvs_wave7_2022",
    "hofstede_2010"
  ],
  "curated_civilization": "latin_american",
  "curated_role": "core",
  "curated_civilizations_competing": null,
  "sub_cluster_id": "southern_cone",
  "sub_cluster_label": "Cône Sud"
}