{
  "iso3": "ARM",
  "label": null,
  "x_viz": [
    -1.2138937457382806,
    -0.9085514929770335
  ],
  "x_viz_ellipse": {
    "sigma": [
      [
        0.14149611837262427,
        0.0
      ],
      [
        0.0,
        0.29336848480021727
      ]
    ],
    "confidence_level": 0.8,
    "source": "wvs_wave7_predicted_from_items"
  },
  "x_score": [
    70.50557173972084,
    35.53185751060212,
    47.972160090634084,
    68.47066356294039,
    48.56632063031152,
    42.09358976329935
  ],
  "affinity_vector": {
    "western": 0.03239581891879203,
    "orthodox": 0.06834846223987139,
    "islamic": 0.17712215662678515,
    "sinic": 0.050481063895863425,
    "hindic": 0.08429661448620235,
    "japanese": 0.017018992164465604,
    "buddhist": 0.20012450827337472,
    "latin_american": 0.07140517407757878,
    "african": 0.11406425866796828,
    "indigenous": 0.10292599003839688,
    "oceanian": 0.08181696061070157
  },
  "data_quality": {
    "iw_coverage": "present",
    "hofstede_coverage": "missing",
    "low_evidence": true,
    "x_viz_provenance": "imputed_wvs_items",
    "x_score_provenance": "imputed_governance",
    "x_score_sigma_prior": [
      12.89482013219045,
      16.654266762366433,
      17.276090153261453,
      19.840361952573588,
      23.703391973204358,
      22.027751828622787
    ],
    "fallback_civilization_id": "orthodox",
    "pew_to_iw_model": {
      "training_n": 93,
      "rmse_ts": 0.4826353981600494,
      "rmse_se": 0.647842466967669
    },
    "governance_to_hofstede_model": {
      "training_n": 63,
      "rmse_per_dimension": {
        "pdi": 12.89482013219045,
        "idv": 16.654266762366433,
        "mas": 17.276090153261453,
        "uai": 19.840361952573588,
        "lto": 23.703391973204358,
        "ivr": 22.027751828622787
      }
    }
  },
  "source_refs": [
    "wgi_2022",
    "fsi_2024"
  ],
  "curated_civilization": "orthodox",
  "curated_role": "core",
  "curated_civilizations_competing": null,
  "sub_cluster_id": null,
  "sub_cluster_label": null
}