{
  "iso3": "ATG",
  "label": null,
  "x_viz": [
    -0.48186383104804786,
    0.12563812762845283
  ],
  "x_viz_ellipse": {
    "sigma": [
      [
        0.23293692755710943,
        0.0
      ],
      [
        0.0,
        0.4196998620067553
      ]
    ],
    "confidence_level": 0.8,
    "source": "imputed_pew"
  },
  "x_score": [
    71.21891304366667,
    30.606912275421447,
    47.0248214488994,
    64.81515208441996,
    40.166668201023896,
    51.45677239081866
  ],
  "affinity_vector": {
    "western": 0.0275631273238789,
    "orthodox": 0.03695286096393499,
    "islamic": 0.15254638814367621,
    "sinic": 0.03763348269131606,
    "hindic": 0.05684209968617488,
    "japanese": 0.010003455343708206,
    "buddhist": 0.20577952968103883,
    "latin_american": 0.10044253250309976,
    "african": 0.17900490148576206,
    "indigenous": 0.10168599278456399,
    "oceanian": 0.09154562939284622
  },
  "data_quality": {
    "iw_coverage": "missing",
    "hofstede_coverage": "missing",
    "low_evidence": true,
    "x_viz_provenance": "imputed_pew",
    "x_score_provenance": "imputed_governance",
    "x_score_sigma_prior": [
      12.89482013219045,
      16.654266762366433,
      17.276090153261453,
      19.840361952573588,
      23.703391973204358,
      22.027751828622787
    ],
    "fallback_civilization_id": "western",
    "pew_to_iw_model": {
      "training_n": 93,
      "rmse_ts": 0.4826353981600494,
      "rmse_se": 0.647842466967669
    },
    "governance_to_hofstede_model": {
      "training_n": 63,
      "rmse_per_dimension": {
        "pdi": 12.89482013219045,
        "idv": 16.654266762366433,
        "mas": 17.276090153261453,
        "uai": 19.840361952573588,
        "lto": 23.703391973204358,
        "ivr": 22.027751828622787
      }
    }
  },
  "source_refs": [
    "pew_religious_composition_2020",
    "wgi_2022",
    "fsi_2024"
  ],
  "curated_civilization": "western",
  "curated_role": "periphery",
  "curated_civilizations_competing": null,
  "sub_cluster_id": null,
  "sub_cluster_label": null
}