{
  "iso3": "BEL",
  "label": null,
  "x_viz": [
    0.823319063235034,
    1.0827273453269939
  ],
  "x_viz_ellipse": {
    "sigma": [
      [
        0.23293692755710943,
        0.0
      ],
      [
        0.0,
        0.4196998620067553
      ]
    ],
    "confidence_level": 0.8,
    "source": "imputed_pew"
  },
  "x_score": [
    63.36898918859479,
    47.97282194087745,
    48.80498319625373,
    92.50806568572435,
    49.621655315765864,
    60.90828490209775
  ],
  "affinity_vector": {
    "western": 0.07010896924595035,
    "orthodox": 0.0850571640713716,
    "islamic": 0.09136360586640106,
    "sinic": 0.024623947930087004,
    "hindic": 0.040888761248884464,
    "japanese": 0.04349310232746423,
    "buddhist": 0.12922852621192513,
    "latin_american": 0.1915465094966728,
    "african": 0.10698978661377284,
    "indigenous": 0.11737256996421684,
    "oceanian": 0.0993270570232538
  },
  "data_quality": {
    "iw_coverage": "missing",
    "hofstede_coverage": "missing",
    "low_evidence": true,
    "x_viz_provenance": "imputed_pew",
    "x_score_provenance": "imputed_governance",
    "x_score_sigma_prior": [
      12.89482013219045,
      16.654266762366433,
      17.276090153261453,
      19.840361952573588,
      23.703391973204358,
      22.027751828622787
    ],
    "fallback_civilization_id": "western",
    "pew_to_iw_model": {
      "training_n": 93,
      "rmse_ts": 0.4826353981600494,
      "rmse_se": 0.647842466967669
    },
    "governance_to_hofstede_model": {
      "training_n": 63,
      "rmse_per_dimension": {
        "pdi": 12.89482013219045,
        "idv": 16.654266762366433,
        "mas": 17.276090153261453,
        "uai": 19.840361952573588,
        "lto": 23.703391973204358,
        "ivr": 22.027751828622787
      }
    }
  },
  "source_refs": [
    "pew_religious_composition_2020",
    "wgi_2022",
    "fsi_2024"
  ],
  "curated_civilization": "western",
  "curated_role": "core",
  "curated_civilizations_competing": null,
  "sub_cluster_id": null,
  "sub_cluster_label": null
}