{
  "iso3": "BEN",
  "label": null,
  "x_viz": [
    -1.2873271669259518,
    -0.46221596391511
  ],
  "x_viz_ellipse": {
    "sigma": [
      [
        0.23293692755710943,
        0.0
      ],
      [
        0.0,
        0.4196998620067553
      ]
    ],
    "confidence_level": 0.8,
    "source": "imputed_pew"
  },
  "x_score": [
    65.6461573958395,
    21.663492274289716,
    58.78152698184277,
    42.997825470740175,
    26.006158790400036,
    53.74275853215585
  ],
  "affinity_vector": {
    "western": 0.030258733070461584,
    "orthodox": 0.01632612170243014,
    "islamic": 0.12976883201538425,
    "sinic": 0.055216334583935316,
    "hindic": 0.07532853684377731,
    "japanese": 0.008136247867459845,
    "buddhist": 0.10814833298980021,
    "latin_american": 0.07685047315567597,
    "african": 0.2929918891195628,
    "indigenous": 0.06290033579535179,
    "oceanian": 0.14407416285616056
  },
  "data_quality": {
    "iw_coverage": "missing",
    "hofstede_coverage": "missing",
    "low_evidence": true,
    "x_viz_provenance": "imputed_pew",
    "x_score_provenance": "imputed_governance",
    "x_score_sigma_prior": [
      12.89482013219045,
      16.654266762366433,
      17.276090153261453,
      19.840361952573588,
      23.703391973204358,
      22.027751828622787
    ],
    "fallback_civilization_id": "african",
    "pew_to_iw_model": {
      "training_n": 93,
      "rmse_ts": 0.4826353981600494,
      "rmse_se": 0.647842466967669
    },
    "governance_to_hofstede_model": {
      "training_n": 63,
      "rmse_per_dimension": {
        "pdi": 12.89482013219045,
        "idv": 16.654266762366433,
        "mas": 17.276090153261453,
        "uai": 19.840361952573588,
        "lto": 23.703391973204358,
        "ivr": 22.027751828622787
      }
    }
  },
  "source_refs": [
    "pew_religious_composition_2020",
    "wgi_2022",
    "fsi_2024"
  ],
  "curated_civilization": "african",
  "curated_role": "core",
  "curated_civilizations_competing": null,
  "sub_cluster_id": null,
  "sub_cluster_label": null
}