{
  "iso3": "BFA",
  "label": null,
  "x_viz": [
    -1.208462206556742,
    -0.7800882127719005
  ],
  "x_viz_ellipse": {
    "sigma": [
      [
        0.14149611837262427,
        0.0
      ],
      [
        0.0,
        0.29336848480021727
      ]
    ],
    "confidence_level": 0.8,
    "source": "wvs_wave5_predicted_from_items"
  },
  "x_score": [
    62.73758270657067,
    20.257554586871798,
    57.47029506500608,
    26.76104313057494,
    27.253106793456524,
    44.50192347435624
  ],
  "affinity_vector": {
    "western": 0.0379942392824346,
    "orthodox": 0.016913152357539436,
    "islamic": 0.1315151481524441,
    "sinic": 0.11033839744820358,
    "hindic": 0.1340454215726193,
    "japanese": 0.008506095487561576,
    "buddhist": 0.09470000688114802,
    "latin_american": 0.049661333981498405,
    "african": 0.20629449429419594,
    "indigenous": 0.052435567488747496,
    "oceanian": 0.15759614305360753
  },
  "data_quality": {
    "iw_coverage": "present",
    "hofstede_coverage": "missing",
    "low_evidence": true,
    "x_viz_provenance": "imputed_wvs_items",
    "x_score_provenance": "imputed_governance",
    "x_score_sigma_prior": [
      12.89482013219045,
      16.654266762366433,
      17.276090153261453,
      19.840361952573588,
      23.703391973204358,
      22.027751828622787
    ],
    "fallback_civilization_id": "islamic",
    "pew_to_iw_model": {
      "training_n": 93,
      "rmse_ts": 0.4826353981600494,
      "rmse_se": 0.647842466967669
    },
    "governance_to_hofstede_model": {
      "training_n": 63,
      "rmse_per_dimension": {
        "pdi": 12.89482013219045,
        "idv": 16.654266762366433,
        "mas": 17.276090153261453,
        "uai": 19.840361952573588,
        "lto": 23.703391973204358,
        "ivr": 22.027751828622787
      }
    }
  },
  "source_refs": [
    "wgi_2022",
    "fsi_2024"
  ],
  "curated_civilization": "islamic",
  "curated_role": "periphery",
  "curated_civilizations_competing": null,
  "sub_cluster_id": null,
  "sub_cluster_label": null
}