{
  "iso3": "BGD",
  "label": null,
  "x_viz": [
    -1.05,
    -0.65
  ],
  "x_viz_ellipse": {
    "sigma": [
      [
        0.04000000000000001,
        0.0
      ],
      [
        0.0,
        0.04000000000000001
      ]
    ],
    "confidence_level": 0.8,
    "source": "wvs_wave7_official"
  },
  "x_score": [
    80.0,
    20.0,
    55.0,
    60.0,
    47.0,
    20.0
  ],
  "affinity_vector": {
    "western": 0.013849811215862512,
    "orthodox": 0.08058600632999914,
    "islamic": 0.25453741687252374,
    "sinic": 0.09328108654106973,
    "hindic": 0.13036934853378587,
    "japanese": 0.01513607828474124,
    "buddhist": 0.1698930194520773,
    "latin_american": 0.03764794531884969,
    "african": 0.07238159436479248,
    "indigenous": 0.09204577686350739,
    "oceanian": 0.040271916222791
  },
  "data_quality": {
    "iw_coverage": "present",
    "hofstede_coverage": "present",
    "low_evidence": false,
    "x_viz_provenance": "observed",
    "x_score_provenance": "observed",
    "x_score_sigma_prior": null,
    "fallback_civilization_id": "islamic",
    "pew_to_iw_model": {
      "training_n": 93,
      "rmse_ts": 0.4826353981600494,
      "rmse_se": 0.647842466967669
    },
    "governance_to_hofstede_model": {
      "training_n": 63,
      "rmse_per_dimension": {
        "pdi": 12.89482013219045,
        "idv": 16.654266762366433,
        "mas": 17.276090153261453,
        "uai": 19.840361952573588,
        "lto": 23.703391973204358,
        "ivr": 22.027751828622787
      }
    }
  },
  "source_refs": [
    "wvs_wave7_2022",
    "hofstede_2010"
  ],
  "curated_civilization": "islamic",
  "curated_role": "core",
  "curated_civilizations_competing": null,
  "sub_cluster_id": "south_asian_islamic",
  "sub_cluster_label": "Islam sud-asiatique"
}