{
  "iso3": "BGR",
  "label": null,
  "x_viz": [
    -0.25,
    -0.95
  ],
  "x_viz_ellipse": {
    "sigma": [
      [
        0.0324,
        0.0
      ],
      [
        0.0,
        0.0324
      ]
    ],
    "confidence_level": 0.8,
    "source": "wvs_wave7_official"
  },
  "x_score": [
    70.0,
    30.0,
    40.0,
    85.0,
    69.0,
    16.0
  ],
  "affinity_vector": {
    "western": 0.018875641221919665,
    "orthodox": 0.4019503339254866,
    "islamic": 0.10716195296008099,
    "sinic": 0.059629886662384175,
    "hindic": 0.06456756921378538,
    "japanese": 0.03453820934544356,
    "buddhist": 0.11866998391824339,
    "latin_american": 0.03414044776839663,
    "african": 0.03488463252124659,
    "indigenous": 0.0955024662110597,
    "oceanian": 0.030078876251953365
  },
  "data_quality": {
    "iw_coverage": "present",
    "hofstede_coverage": "present",
    "low_evidence": false,
    "x_viz_provenance": "observed",
    "x_score_provenance": "observed",
    "x_score_sigma_prior": null,
    "fallback_civilization_id": "orthodox",
    "pew_to_iw_model": {
      "training_n": 93,
      "rmse_ts": 0.4826353981600494,
      "rmse_se": 0.647842466967669
    },
    "governance_to_hofstede_model": {
      "training_n": 63,
      "rmse_per_dimension": {
        "pdi": 12.89482013219045,
        "idv": 16.654266762366433,
        "mas": 17.276090153261453,
        "uai": 19.840361952573588,
        "lto": 23.703391973204358,
        "ivr": 22.027751828622787
      }
    }
  },
  "source_refs": [
    "wvs_wave7_2022",
    "hofstede_2010"
  ],
  "curated_civilization": "orthodox",
  "curated_role": "core",
  "curated_civilizations_competing": null,
  "sub_cluster_id": "balkan_orthodox",
  "sub_cluster_label": "Orthodoxe balkanique"
}