{
  "iso3": "BHR",
  "label": null,
  "x_viz": [
    -0.6821880913995344,
    -0.36471527926590475
  ],
  "x_viz_ellipse": {
    "sigma": [
      [
        0.23293692755710943,
        0.0
      ],
      [
        0.0,
        0.4196998620067553
      ]
    ],
    "confidence_level": 0.8,
    "source": "imputed_pew"
  },
  "x_score": [
    79.24519268981247,
    27.83778326420286,
    45.31131781916295,
    54.9317556649785,
    52.97122782059609,
    33.63407721261858
  ],
  "affinity_vector": {
    "western": 0.020805125206480295,
    "orthodox": 0.0663504118414555,
    "islamic": 0.17612040545618884,
    "sinic": 0.11608335135459362,
    "hindic": 0.14568282550732503,
    "japanese": 0.01215618581701609,
    "buddhist": 0.18192270952991985,
    "latin_american": 0.039570093369577376,
    "african": 0.0917383437220143,
    "indigenous": 0.09158459396811001,
    "oceanian": 0.05798595422731907
  },
  "data_quality": {
    "iw_coverage": "missing",
    "hofstede_coverage": "missing",
    "low_evidence": true,
    "x_viz_provenance": "imputed_pew",
    "x_score_provenance": "imputed_governance",
    "x_score_sigma_prior": [
      12.89482013219045,
      16.654266762366433,
      17.276090153261453,
      19.840361952573588,
      23.703391973204358,
      22.027751828622787
    ],
    "fallback_civilization_id": "islamic",
    "pew_to_iw_model": {
      "training_n": 93,
      "rmse_ts": 0.4826353981600494,
      "rmse_se": 0.647842466967669
    },
    "governance_to_hofstede_model": {
      "training_n": 63,
      "rmse_per_dimension": {
        "pdi": 12.89482013219045,
        "idv": 16.654266762366433,
        "mas": 17.276090153261453,
        "uai": 19.840361952573588,
        "lto": 23.703391973204358,
        "ivr": 22.027751828622787
      }
    }
  },
  "source_refs": [
    "pew_religious_composition_2020",
    "wgi_2022",
    "fsi_2024"
  ],
  "curated_civilization": "islamic",
  "curated_role": "core",
  "curated_civilizations_competing": null,
  "sub_cluster_id": null,
  "sub_cluster_label": null
}