{
  "iso3": "BHS",
  "label": null,
  "x_viz": [
    -0.8037504749524963,
    0.07773298151098973
  ],
  "x_viz_ellipse": {
    "sigma": [
      [
        0.23293692755710943,
        0.0
      ],
      [
        0.0,
        0.4196998620067553
      ]
    ],
    "confidence_level": 0.8,
    "source": "imputed_pew"
  },
  "x_score": [
    73.42980751139045,
    32.12301070384228,
    47.771091000611804,
    64.61920592585423,
    43.163409876015066,
    48.85797730505817
  ],
  "affinity_vector": {
    "western": 0.027091708023134757,
    "orthodox": 0.04320937510230451,
    "islamic": 0.16251540461455277,
    "sinic": 0.0428203904512924,
    "hindic": 0.06743462869802273,
    "japanese": 0.011222422027655997,
    "buddhist": 0.21350697737110022,
    "latin_american": 0.08543040115427565,
    "african": 0.15940018852696483,
    "indigenous": 0.10260091637451271,
    "oceanian": 0.08476758765618324
  },
  "data_quality": {
    "iw_coverage": "missing",
    "hofstede_coverage": "missing",
    "low_evidence": true,
    "x_viz_provenance": "imputed_pew",
    "x_score_provenance": "imputed_governance",
    "x_score_sigma_prior": [
      12.89482013219045,
      16.654266762366433,
      17.276090153261453,
      19.840361952573588,
      23.703391973204358,
      22.027751828622787
    ],
    "fallback_civilization_id": "western",
    "pew_to_iw_model": {
      "training_n": 93,
      "rmse_ts": 0.4826353981600494,
      "rmse_se": 0.647842466967669
    },
    "governance_to_hofstede_model": {
      "training_n": 63,
      "rmse_per_dimension": {
        "pdi": 12.89482013219045,
        "idv": 16.654266762366433,
        "mas": 17.276090153261453,
        "uai": 19.840361952573588,
        "lto": 23.703391973204358,
        "ivr": 22.027751828622787
      }
    }
  },
  "source_refs": [
    "pew_religious_composition_2020",
    "wgi_2022",
    "fsi_2024"
  ],
  "curated_civilization": "western",
  "curated_role": "periphery",
  "curated_civilizations_competing": null,
  "sub_cluster_id": null,
  "sub_cluster_label": null
}