{
  "iso3": "BIH",
  "label": null,
  "x_viz": [
    -0.29036896114124366,
    -0.09573116853911823
  ],
  "x_viz_ellipse": {
    "sigma": [
      [
        0.23293692755710943,
        0.0
      ],
      [
        0.0,
        0.4196998620067553
      ]
    ],
    "confidence_level": 0.8,
    "source": "imputed_pew"
  },
  "x_score": [
    67.20001298121309,
    40.56671918064824,
    46.41478456710284,
    70.95562834279852,
    53.673703016479166,
    35.37731547704057
  ],
  "affinity_vector": {
    "western": 0.04365987115458605,
    "orthodox": 0.1058727989527841,
    "islamic": 0.16873458255956839,
    "sinic": 0.060354758093828974,
    "hindic": 0.10842197169123241,
    "japanese": 0.025399392883877797,
    "buddhist": 0.16496396470650565,
    "latin_american": 0.05929152654444091,
    "african": 0.08779029888218069,
    "indigenous": 0.09222147937950789,
    "oceanian": 0.08328935515148714
  },
  "data_quality": {
    "iw_coverage": "missing",
    "hofstede_coverage": "missing",
    "low_evidence": true,
    "x_viz_provenance": "imputed_pew",
    "x_score_provenance": "imputed_governance",
    "x_score_sigma_prior": [
      12.89482013219045,
      16.654266762366433,
      17.276090153261453,
      19.840361952573588,
      23.703391973204358,
      22.027751828622787
    ],
    "fallback_civilization_id": "islamic",
    "pew_to_iw_model": {
      "training_n": 93,
      "rmse_ts": 0.4826353981600494,
      "rmse_se": 0.647842466967669
    },
    "governance_to_hofstede_model": {
      "training_n": 63,
      "rmse_per_dimension": {
        "pdi": 12.89482013219045,
        "idv": 16.654266762366433,
        "mas": 17.276090153261453,
        "uai": 19.840361952573588,
        "lto": 23.703391973204358,
        "ivr": 22.027751828622787
      }
    }
  },
  "source_refs": [
    "pew_religious_composition_2020",
    "wgi_2022",
    "fsi_2024"
  ],
  "curated_civilization": null,
  "curated_role": "ambiguous",
  "curated_civilizations_competing": [
    "islamic",
    "orthodox",
    "western"
  ],
  "sub_cluster_id": null,
  "sub_cluster_label": null
}