{
  "iso3": "BLZ",
  "label": null,
  "x_viz": [
    -0.8226731474741356,
    -0.02883867157354758
  ],
  "x_viz_ellipse": {
    "sigma": [
      [
        0.23293692755710943,
        0.0
      ],
      [
        0.0,
        0.4196998620067553
      ]
    ],
    "confidence_level": 0.8,
    "source": "imputed_pew"
  },
  "x_score": [
    68.19962011971347,
    29.33574740682876,
    50.352377728918114,
    55.02073542606883,
    34.34676755266514,
    49.471087968709966
  ],
  "affinity_vector": {
    "western": 0.030472728616827108,
    "orthodox": 0.024815296523217796,
    "islamic": 0.16162606692707454,
    "sinic": 0.04524868081308768,
    "hindic": 0.07370609735793174,
    "japanese": 0.00840299143061986,
    "buddhist": 0.14828750451835115,
    "latin_american": 0.07810863026102538,
    "african": 0.2353714940404669,
    "indigenous": 0.071753774512815,
    "oceanian": 0.12220673499858278
  },
  "data_quality": {
    "iw_coverage": "missing",
    "hofstede_coverage": "missing",
    "low_evidence": true,
    "x_viz_provenance": "imputed_pew",
    "x_score_provenance": "imputed_governance",
    "x_score_sigma_prior": [
      12.89482013219045,
      16.654266762366433,
      17.276090153261453,
      19.840361952573588,
      23.703391973204358,
      22.027751828622787
    ],
    "fallback_civilization_id": "western",
    "pew_to_iw_model": {
      "training_n": 93,
      "rmse_ts": 0.4826353981600494,
      "rmse_se": 0.647842466967669
    },
    "governance_to_hofstede_model": {
      "training_n": 63,
      "rmse_per_dimension": {
        "pdi": 12.89482013219045,
        "idv": 16.654266762366433,
        "mas": 17.276090153261453,
        "uai": 19.840361952573588,
        "lto": 23.703391973204358,
        "ivr": 22.027751828622787
      }
    }
  },
  "source_refs": [
    "pew_religious_composition_2020",
    "wgi_2022",
    "fsi_2024"
  ],
  "curated_civilization": "western",
  "curated_role": "periphery",
  "curated_civilizations_competing": null,
  "sub_cluster_id": null,
  "sub_cluster_label": null
}