{
  "iso3": "BOL",
  "label": null,
  "x_viz": [
    -1.1,
    0.05
  ],
  "x_viz_ellipse": {
    "sigma": [
      [
        0.0484,
        0.0
      ],
      [
        0.0,
        0.0484
      ]
    ],
    "confidence_level": 0.8,
    "source": "wvs_wave7_official"
  },
  "x_score": [
    78.0,
    10.0,
    42.0,
    87.0,
    54.25,
    54.25
  ],
  "affinity_vector": {
    "western": 0.009630617680082863,
    "orthodox": 0.08543079595909787,
    "islamic": 0.07440658925425137,
    "sinic": 0.027011453153143038,
    "hindic": 0.020559886995655204,
    "japanese": 0.01299595759651793,
    "buddhist": 0.19195985717629482,
    "latin_american": 0.10731088342814467,
    "african": 0.05942386770212553,
    "indigenous": 0.3843412207660191,
    "oceanian": 0.026928870288667715
  },
  "data_quality": {
    "iw_coverage": "present",
    "hofstede_coverage": "missing",
    "low_evidence": true,
    "x_viz_provenance": "observed",
    "x_score_provenance": "observed_with_dim_imputation",
    "x_score_sigma_prior": null,
    "fallback_civilization_id": "indigenous",
    "pew_to_iw_model": {
      "training_n": 93,
      "rmse_ts": 0.4826353981600494,
      "rmse_se": 0.647842466967669
    },
    "governance_to_hofstede_model": {
      "training_n": 63,
      "rmse_per_dimension": {
        "pdi": 12.89482013219045,
        "idv": 16.654266762366433,
        "mas": 17.276090153261453,
        "uai": 19.840361952573588,
        "lto": 23.703391973204358,
        "ivr": 22.027751828622787
      }
    }
  },
  "source_refs": [
    "wvs_wave7_2022",
    "hofstede_2010"
  ],
  "curated_civilization": "indigenous",
  "curated_role": "core",
  "curated_civilizations_competing": [
    "latin_american",
    "indigenous"
  ],
  "sub_cluster_id": "andean",
  "sub_cluster_label": "Andin"
}