{
  "iso3": "BTN",
  "label": null,
  "x_viz": [
    -0.46862794793809637,
    -0.34995742252102313
  ],
  "x_viz_ellipse": {
    "sigma": [
      [
        0.23293692755710943,
        0.0
      ],
      [
        0.0,
        0.4196998620067553
      ]
    ],
    "confidence_level": 0.8,
    "source": "imputed_pew"
  },
  "x_score": [
    74.42250606995616,
    28.769451978600582,
    50.68266406040841,
    58.2940109730659,
    39.994571380200604,
    37.11681116251844
  ],
  "affinity_vector": {
    "western": 0.021122488784676548,
    "orthodox": 0.04130224842302117,
    "islamic": 0.26021364643502465,
    "sinic": 0.05659205948778778,
    "hindic": 0.10332347265995824,
    "japanese": 0.009852209233366268,
    "buddhist": 0.184221446589594,
    "latin_american": 0.05326588144602556,
    "african": 0.1237032693363795,
    "indigenous": 0.07788700313009907,
    "oceanian": 0.06851627447406725
  },
  "data_quality": {
    "iw_coverage": "missing",
    "hofstede_coverage": "missing",
    "low_evidence": true,
    "x_viz_provenance": "imputed_pew",
    "x_score_provenance": "imputed_governance",
    "x_score_sigma_prior": [
      12.89482013219045,
      16.654266762366433,
      17.276090153261453,
      19.840361952573588,
      23.703391973204358,
      22.027751828622787
    ],
    "fallback_civilization_id": "buddhist",
    "pew_to_iw_model": {
      "training_n": 93,
      "rmse_ts": 0.4826353981600494,
      "rmse_se": 0.647842466967669
    },
    "governance_to_hofstede_model": {
      "training_n": 63,
      "rmse_per_dimension": {
        "pdi": 12.89482013219045,
        "idv": 16.654266762366433,
        "mas": 17.276090153261453,
        "uai": 19.840361952573588,
        "lto": 23.703391973204358,
        "ivr": 22.027751828622787
      }
    }
  },
  "source_refs": [
    "pew_religious_composition_2020",
    "wgi_2022",
    "fsi_2024"
  ],
  "curated_civilization": "buddhist",
  "curated_role": "core",
  "curated_civilizations_competing": null,
  "sub_cluster_id": "mahayana",
  "sub_cluster_label": "Mahayana"
}