{
  "iso3": "BWA",
  "label": null,
  "x_viz": [
    -0.8812724534295013,
    0.24458343804160743
  ],
  "x_viz_ellipse": {
    "sigma": [
      [
        0.23293692755710943,
        0.0
      ],
      [
        0.0,
        0.4196998620067553
      ]
    ],
    "confidence_level": 0.8,
    "source": "imputed_pew"
  },
  "x_score": [
    70.20203092813087,
    28.658548325559792,
    53.711906438924785,
    60.42561163564023,
    29.47663919307552,
    58.84830457113281
  ],
  "affinity_vector": {
    "western": 0.02636556152066351,
    "orthodox": 0.01999138806793944,
    "islamic": 0.11995820556643076,
    "sinic": 0.027826481295642153,
    "hindic": 0.04479333943307621,
    "japanese": 0.007912512520433457,
    "buddhist": 0.1309407140917739,
    "latin_american": 0.12574487007845075,
    "african": 0.31390268083456085,
    "indigenous": 0.07500487747382262,
    "oceanian": 0.10755936911720623
  },
  "data_quality": {
    "iw_coverage": "missing",
    "hofstede_coverage": "missing",
    "low_evidence": true,
    "x_viz_provenance": "imputed_pew",
    "x_score_provenance": "imputed_governance",
    "x_score_sigma_prior": [
      12.89482013219045,
      16.654266762366433,
      17.276090153261453,
      19.840361952573588,
      23.703391973204358,
      22.027751828622787
    ],
    "fallback_civilization_id": "african",
    "pew_to_iw_model": {
      "training_n": 93,
      "rmse_ts": 0.4826353981600494,
      "rmse_se": 0.647842466967669
    },
    "governance_to_hofstede_model": {
      "training_n": 63,
      "rmse_per_dimension": {
        "pdi": 12.89482013219045,
        "idv": 16.654266762366433,
        "mas": 17.276090153261453,
        "uai": 19.840361952573588,
        "lto": 23.703391973204358,
        "ivr": 22.027751828622787
      }
    }
  },
  "source_refs": [
    "pew_religious_composition_2020",
    "wgi_2022",
    "fsi_2024"
  ],
  "curated_civilization": "african",
  "curated_role": "core",
  "curated_civilizations_competing": null,
  "sub_cluster_id": null,
  "sub_cluster_label": null
}