{
  "iso3": "COD",
  "label": null,
  "x_viz": [
    -1.678010121502214,
    -0.830086844820457
  ],
  "x_viz_ellipse": {
    "sigma": [
      [
        0.23293692755710943,
        0.0
      ],
      [
        0.0,
        0.4196998620067553
      ]
    ],
    "confidence_level": 0.8,
    "source": "imputed_pew"
  },
  "x_score": [
    52.37123276147046,
    34.89674328676011,
    50.33503528000222,
    25.80571469629109,
    26.377188329196684,
    34.856390768361535
  ],
  "affinity_vector": {
    "western": 0.07308210044661373,
    "orthodox": 0.01781473238677533,
    "islamic": 0.12575401247531084,
    "sinic": 0.09865496027914974,
    "hindic": 0.18108320294220998,
    "japanese": 0.008770853026154777,
    "buddhist": 0.07481111489831971,
    "latin_american": 0.037880413285733106,
    "african": 0.14268807218327173,
    "indigenous": 0.0356526548817762,
    "oceanian": 0.20380788319468496
  },
  "data_quality": {
    "iw_coverage": "missing",
    "hofstede_coverage": "missing",
    "low_evidence": true,
    "x_viz_provenance": "imputed_pew",
    "x_score_provenance": "imputed_governance",
    "x_score_sigma_prior": [
      12.89482013219045,
      16.654266762366433,
      17.276090153261453,
      19.840361952573588,
      23.703391973204358,
      22.027751828622787
    ],
    "fallback_civilization_id": "african",
    "pew_to_iw_model": {
      "training_n": 93,
      "rmse_ts": 0.4826353981600494,
      "rmse_se": 0.647842466967669
    },
    "governance_to_hofstede_model": {
      "training_n": 63,
      "rmse_per_dimension": {
        "pdi": 12.89482013219045,
        "idv": 16.654266762366433,
        "mas": 17.276090153261453,
        "uai": 19.840361952573588,
        "lto": 23.703391973204358,
        "ivr": 22.027751828622787
      }
    }
  },
  "source_refs": [
    "pew_religious_composition_2020",
    "wgi_2022",
    "fsi_2024"
  ],
  "curated_civilization": "african",
  "curated_role": "core",
  "curated_civilizations_competing": null,
  "sub_cluster_id": null,
  "sub_cluster_label": null
}