{
  "iso3": "COG",
  "label": null,
  "x_viz": [
    -1.2595578172170858,
    -0.23470625078905072
  ],
  "x_viz_ellipse": {
    "sigma": [
      [
        0.23293692755710943,
        0.0
      ],
      [
        0.0,
        0.4196998620067553
      ]
    ],
    "confidence_level": 0.8,
    "source": "imputed_pew"
  },
  "x_score": [
    56.973854310231246,
    33.84547034827759,
    50.42981317316985,
    35.78772313051896,
    30.44561174204108,
    41.62806149797544
  ],
  "affinity_vector": {
    "western": 0.060762189694481335,
    "orthodox": 0.018538194466498226,
    "islamic": 0.13032683708476592,
    "sinic": 0.08059616334155746,
    "hindic": 0.14519553003756216,
    "japanese": 0.008598005342348228,
    "buddhist": 0.08612452541481287,
    "latin_american": 0.045079137766446044,
    "african": 0.17111213807653466,
    "indigenous": 0.041720414944069445,
    "oceanian": 0.21194686383092376
  },
  "data_quality": {
    "iw_coverage": "missing",
    "hofstede_coverage": "missing",
    "low_evidence": true,
    "x_viz_provenance": "imputed_pew",
    "x_score_provenance": "imputed_governance",
    "x_score_sigma_prior": [
      12.89482013219045,
      16.654266762366433,
      17.276090153261453,
      19.840361952573588,
      23.703391973204358,
      22.027751828622787
    ],
    "fallback_civilization_id": "african",
    "pew_to_iw_model": {
      "training_n": 93,
      "rmse_ts": 0.4826353981600494,
      "rmse_se": 0.647842466967669
    },
    "governance_to_hofstede_model": {
      "training_n": 63,
      "rmse_per_dimension": {
        "pdi": 12.89482013219045,
        "idv": 16.654266762366433,
        "mas": 17.276090153261453,
        "uai": 19.840361952573588,
        "lto": 23.703391973204358,
        "ivr": 22.027751828622787
      }
    }
  },
  "source_refs": [
    "pew_religious_composition_2020",
    "wgi_2022",
    "fsi_2024"
  ],
  "curated_civilization": "african",
  "curated_role": "core",
  "curated_civilizations_competing": null,
  "sub_cluster_id": null,
  "sub_cluster_label": null
}