{
  "iso3": "COL",
  "label": null,
  "x_viz": [
    -0.9,
    1.1
  ],
  "x_viz_ellipse": {
    "sigma": [
      [
        0.0324,
        0.0
      ],
      [
        0.0,
        0.0324
      ]
    ],
    "confidence_level": 0.8,
    "source": "wvs_wave7_official"
  },
  "x_score": [
    67.0,
    13.0,
    64.0,
    80.0,
    13.0,
    83.0
  ],
  "affinity_vector": {
    "western": 0.02101970740381618,
    "orthodox": 0.018524202594402437,
    "islamic": 0.07414917538206149,
    "sinic": 0.015328672401977658,
    "hindic": 0.019349029441413798,
    "japanese": 0.011341171006924233,
    "buddhist": 0.09973368491509434,
    "latin_american": 0.38456128207376716,
    "african": 0.17822499097419792,
    "indigenous": 0.10554094736169672,
    "oceanian": 0.07222713644464814
  },
  "data_quality": {
    "iw_coverage": "present",
    "hofstede_coverage": "present",
    "low_evidence": false,
    "x_viz_provenance": "observed",
    "x_score_provenance": "observed",
    "x_score_sigma_prior": null,
    "fallback_civilization_id": "latin_american",
    "pew_to_iw_model": {
      "training_n": 93,
      "rmse_ts": 0.4826353981600494,
      "rmse_se": 0.647842466967669
    },
    "governance_to_hofstede_model": {
      "training_n": 63,
      "rmse_per_dimension": {
        "pdi": 12.89482013219045,
        "idv": 16.654266762366433,
        "mas": 17.276090153261453,
        "uai": 19.840361952573588,
        "lto": 23.703391973204358,
        "ivr": 22.027751828622787
      }
    }
  },
  "source_refs": [
    "wvs_wave7_2022",
    "hofstede_2010"
  ],
  "curated_civilization": "latin_american",
  "curated_role": "core",
  "curated_civilizations_competing": null,
  "sub_cluster_id": "andean",
  "sub_cluster_label": "Andin"
}