{
  "iso3": "COM",
  "label": null,
  "x_viz": [
    -1.4887798740925058,
    -0.8402746947665671
  ],
  "x_viz_ellipse": {
    "sigma": [
      [
        0.23293692755710943,
        0.0
      ],
      [
        0.0,
        0.4196998620067553
      ]
    ],
    "confidence_level": 0.8,
    "source": "imputed_pew"
  },
  "x_score": [
    62.31363732539126,
    27.16686824593674,
    49.276137568256544,
    33.39638543367626,
    28.529167950711475,
    35.53808511829336
  ],
  "affinity_vector": {
    "western": 0.042205549110618655,
    "orthodox": 0.021723294862250348,
    "islamic": 0.16401194802981042,
    "sinic": 0.0998748229338863,
    "hindic": 0.16581443057623127,
    "japanese": 0.007822075574754636,
    "buddhist": 0.10225687984813102,
    "latin_american": 0.04369826963298592,
    "african": 0.1583962061554907,
    "indigenous": 0.047785347506928255,
    "oceanian": 0.14641117576891255
  },
  "data_quality": {
    "iw_coverage": "missing",
    "hofstede_coverage": "missing",
    "low_evidence": true,
    "x_viz_provenance": "imputed_pew",
    "x_score_provenance": "imputed_governance",
    "x_score_sigma_prior": [
      12.89482013219045,
      16.654266762366433,
      17.276090153261453,
      19.840361952573588,
      23.703391973204358,
      22.027751828622787
    ],
    "fallback_civilization_id": "islamic",
    "pew_to_iw_model": {
      "training_n": 93,
      "rmse_ts": 0.4826353981600494,
      "rmse_se": 0.647842466967669
    },
    "governance_to_hofstede_model": {
      "training_n": 63,
      "rmse_per_dimension": {
        "pdi": 12.89482013219045,
        "idv": 16.654266762366433,
        "mas": 17.276090153261453,
        "uai": 19.840361952573588,
        "lto": 23.703391973204358,
        "ivr": 22.027751828622787
      }
    }
  },
  "source_refs": [
    "pew_religious_composition_2020",
    "wgi_2022",
    "fsi_2024"
  ],
  "curated_civilization": "islamic",
  "curated_role": "core",
  "curated_civilizations_competing": null,
  "sub_cluster_id": null,
  "sub_cluster_label": null
}