{
  "iso3": "CPV",
  "label": null,
  "x_viz": [
    -0.6365347339642637,
    0.24902447018498952
  ],
  "x_viz_ellipse": {
    "sigma": [
      [
        0.23293692755710943,
        0.0
      ],
      [
        0.0,
        0.4196998620067553
      ]
    ],
    "confidence_level": 0.8,
    "source": "imputed_pew"
  },
  "x_score": [
    64.5020009313943,
    28.800971900561358,
    51.5123652861092,
    61.34338619393592,
    33.16753587304478,
    55.851786727272795
  ],
  "affinity_vector": {
    "western": 0.031894224535511495,
    "orthodox": 0.023157781696424035,
    "islamic": 0.12753569051225863,
    "sinic": 0.03247710221354347,
    "hindic": 0.04852352900164664,
    "japanese": 0.009219041977954949,
    "buddhist": 0.139954896358151,
    "latin_american": 0.11695164507914294,
    "african": 0.2617099980410773,
    "indigenous": 0.07987008130534615,
    "oceanian": 0.1287060092789433
  },
  "data_quality": {
    "iw_coverage": "missing",
    "hofstede_coverage": "missing",
    "low_evidence": true,
    "x_viz_provenance": "imputed_pew",
    "x_score_provenance": "imputed_governance",
    "x_score_sigma_prior": [
      12.89482013219045,
      16.654266762366433,
      17.276090153261453,
      19.840361952573588,
      23.703391973204358,
      22.027751828622787
    ],
    "fallback_civilization_id": "african",
    "pew_to_iw_model": {
      "training_n": 93,
      "rmse_ts": 0.4826353981600494,
      "rmse_se": 0.647842466967669
    },
    "governance_to_hofstede_model": {
      "training_n": 63,
      "rmse_per_dimension": {
        "pdi": 12.89482013219045,
        "idv": 16.654266762366433,
        "mas": 17.276090153261453,
        "uai": 19.840361952573588,
        "lto": 23.703391973204358,
        "ivr": 22.027751828622787
      }
    }
  },
  "source_refs": [
    "pew_religious_composition_2020",
    "wgi_2022",
    "fsi_2024"
  ],
  "curated_civilization": "african",
  "curated_role": "periphery",
  "curated_civilizations_competing": null,
  "sub_cluster_id": null,
  "sub_cluster_label": null
}