{
  "iso3": "CRI",
  "label": null,
  "x_viz": [
    -0.3593893389532854,
    0.7074337803817343
  ],
  "x_viz_ellipse": {
    "sigma": [
      [
        0.23293692755710943,
        0.0
      ],
      [
        0.0,
        0.4196998620067553
      ]
    ],
    "confidence_level": 0.8,
    "source": "imputed_pew"
  },
  "x_score": [
    63.51491309493855,
    37.93703759932743,
    49.126691765572694,
    77.81594036333524,
    36.560625831570334,
    59.88046946970101
  ],
  "affinity_vector": {
    "western": 0.046300754568078056,
    "orthodox": 0.03855086257433921,
    "islamic": 0.10911066853785595,
    "sinic": 0.022469703269492915,
    "hindic": 0.038073763040998014,
    "japanese": 0.01560492521801346,
    "buddhist": 0.14137947482767121,
    "latin_american": 0.2149050779816528,
    "african": 0.16131304416913386,
    "indigenous": 0.0970823170207619,
    "oceanian": 0.11520940879200255
  },
  "data_quality": {
    "iw_coverage": "missing",
    "hofstede_coverage": "missing",
    "low_evidence": true,
    "x_viz_provenance": "imputed_pew",
    "x_score_provenance": "imputed_governance",
    "x_score_sigma_prior": [
      12.89482013219045,
      16.654266762366433,
      17.276090153261453,
      19.840361952573588,
      23.703391973204358,
      22.027751828622787
    ],
    "fallback_civilization_id": "latin_american",
    "pew_to_iw_model": {
      "training_n": 93,
      "rmse_ts": 0.4826353981600494,
      "rmse_se": 0.647842466967669
    },
    "governance_to_hofstede_model": {
      "training_n": 63,
      "rmse_per_dimension": {
        "pdi": 12.89482013219045,
        "idv": 16.654266762366433,
        "mas": 17.276090153261453,
        "uai": 19.840361952573588,
        "lto": 23.703391973204358,
        "ivr": 22.027751828622787
      }
    }
  },
  "source_refs": [
    "pew_religious_composition_2020",
    "wgi_2022",
    "fsi_2024"
  ],
  "curated_civilization": "latin_american",
  "curated_role": "core",
  "curated_civilizations_competing": null,
  "sub_cluster_id": null,
  "sub_cluster_label": null
}