{
  "iso3": "CUB",
  "label": null,
  "x_viz": [
    -0.8945991610107122,
    -0.5959082690281692
  ],
  "x_viz_ellipse": {
    "sigma": [
      [
        0.23293692755710943,
        0.0
      ],
      [
        0.0,
        0.4196998620067553
      ]
    ],
    "confidence_level": 0.8,
    "source": "imputed_pew"
  },
  "x_score": [
    70.08126009043092,
    23.68746224664873,
    45.6492929387849,
    36.62844063449269,
    39.80993002613561,
    39.27621841104496
  ],
  "affinity_vector": {
    "western": 0.03045057229147572,
    "orthodox": 0.026674906199864443,
    "islamic": 0.15062893222887622,
    "sinic": 0.13689137278631036,
    "hindic": 0.15736081642005725,
    "japanese": 0.007784499505800664,
    "buddhist": 0.12459255049145462,
    "latin_american": 0.04151994407862575,
    "african": 0.1513713535864163,
    "indigenous": 0.06201204016334971,
    "oceanian": 0.11071301224776911
  },
  "data_quality": {
    "iw_coverage": "missing",
    "hofstede_coverage": "missing",
    "low_evidence": true,
    "x_viz_provenance": "imputed_pew",
    "x_score_provenance": "imputed_governance",
    "x_score_sigma_prior": [
      12.89482013219045,
      16.654266762366433,
      17.276090153261453,
      19.840361952573588,
      23.703391973204358,
      22.027751828622787
    ],
    "fallback_civilization_id": "latin_american",
    "pew_to_iw_model": {
      "training_n": 93,
      "rmse_ts": 0.4826353981600494,
      "rmse_se": 0.647842466967669
    },
    "governance_to_hofstede_model": {
      "training_n": 63,
      "rmse_per_dimension": {
        "pdi": 12.89482013219045,
        "idv": 16.654266762366433,
        "mas": 17.276090153261453,
        "uai": 19.840361952573588,
        "lto": 23.703391973204358,
        "ivr": 22.027751828622787
      }
    }
  },
  "source_refs": [
    "pew_religious_composition_2020",
    "wgi_2022",
    "fsi_2024"
  ],
  "curated_civilization": "latin_american",
  "curated_role": "core",
  "curated_civilizations_competing": null,
  "sub_cluster_id": null,
  "sub_cluster_label": null
}