{
  "iso3": "CYP",
  "label": null,
  "x_viz": [
    -0.4572790787717894,
    0.2783715145654528
  ],
  "x_viz_ellipse": {
    "sigma": [
      [
        0.14149611837262427,
        0.0
      ],
      [
        0.0,
        0.29336848480021727
      ]
    ],
    "confidence_level": 0.8,
    "source": "wvs_wave7_predicted_from_items"
  },
  "x_score": [
    66.13361009241602,
    43.65115840520615,
    50.44679295850763,
    81.85567507345283,
    43.83727136444079,
    56.45258314726309
  ],
  "affinity_vector": {
    "western": 0.05511524066701985,
    "orthodox": 0.06103962101085876,
    "islamic": 0.11491891139873342,
    "sinic": 0.026433072612221872,
    "hindic": 0.04805460601138051,
    "japanese": 0.02572854217351619,
    "buddhist": 0.1477843791206133,
    "latin_american": 0.1717245537647042,
    "african": 0.1346085674413017,
    "indigenous": 0.10671888030515403,
    "oceanian": 0.10787362549449629
  },
  "data_quality": {
    "iw_coverage": "present",
    "hofstede_coverage": "missing",
    "low_evidence": true,
    "x_viz_provenance": "imputed_wvs_items",
    "x_score_provenance": "imputed_governance",
    "x_score_sigma_prior": [
      12.89482013219045,
      16.654266762366433,
      17.276090153261453,
      19.840361952573588,
      23.703391973204358,
      22.027751828622787
    ],
    "fallback_civilization_id": "orthodox",
    "pew_to_iw_model": {
      "training_n": 93,
      "rmse_ts": 0.4826353981600494,
      "rmse_se": 0.647842466967669
    },
    "governance_to_hofstede_model": {
      "training_n": 63,
      "rmse_per_dimension": {
        "pdi": 12.89482013219045,
        "idv": 16.654266762366433,
        "mas": 17.276090153261453,
        "uai": 19.840361952573588,
        "lto": 23.703391973204358,
        "ivr": 22.027751828622787
      }
    }
  },
  "source_refs": [
    "wgi_2022",
    "fsi_2024"
  ],
  "curated_civilization": "orthodox",
  "curated_role": "periphery",
  "curated_civilizations_competing": null,
  "sub_cluster_id": null,
  "sub_cluster_label": null
}