{
  "iso3": "CZE",
  "label": null,
  "x_viz": [
    1.1707295928088732,
    0.7661023825746716
  ],
  "x_viz_ellipse": {
    "sigma": [
      [
        0.14149611837262427,
        0.0
      ],
      [
        0.0,
        0.29336848480021727
      ]
    ],
    "confidence_level": 0.8,
    "source": "wvs_wave7_predicted_from_items"
  },
  "x_score": [
    61.366657260082,
    50.551683768502485,
    48.47762959412667,
    90.40161993200033,
    49.91334674860884,
    56.535819602342094
  ],
  "affinity_vector": {
    "western": 0.08356725760951288,
    "orthodox": 0.08976396967253583,
    "islamic": 0.09889575725506429,
    "sinic": 0.026979758176949715,
    "hindic": 0.04817872752610999,
    "japanese": 0.04585967782278641,
    "buddhist": 0.12724600416088602,
    "latin_american": 0.1601698157249488,
    "african": 0.10463353404227807,
    "indigenous": 0.10540102170072126,
    "oceanian": 0.10930447630820686
  },
  "data_quality": {
    "iw_coverage": "present",
    "hofstede_coverage": "missing",
    "low_evidence": true,
    "x_viz_provenance": "imputed_wvs_items",
    "x_score_provenance": "imputed_governance",
    "x_score_sigma_prior": [
      12.89482013219045,
      16.654266762366433,
      17.276090153261453,
      19.840361952573588,
      23.703391973204358,
      22.027751828622787
    ],
    "fallback_civilization_id": "western",
    "pew_to_iw_model": {
      "training_n": 93,
      "rmse_ts": 0.4826353981600494,
      "rmse_se": 0.647842466967669
    },
    "governance_to_hofstede_model": {
      "training_n": 63,
      "rmse_per_dimension": {
        "pdi": 12.89482013219045,
        "idv": 16.654266762366433,
        "mas": 17.276090153261453,
        "uai": 19.840361952573588,
        "lto": 23.703391973204358,
        "ivr": 22.027751828622787
      }
    }
  },
  "source_refs": [
    "wgi_2022",
    "fsi_2024"
  ],
  "curated_civilization": "western",
  "curated_role": "core",
  "curated_civilizations_competing": null,
  "sub_cluster_id": null,
  "sub_cluster_label": null
}