{
  "iso3": "DEU",
  "label": null,
  "x_viz": [
    1.4,
    1.15
  ],
  "x_viz_ellipse": {
    "sigma": [
      [
        0.0225,
        0.0
      ],
      [
        0.0,
        0.0225
      ]
    ],
    "confidence_level": 0.8,
    "source": "wvs_wave7_official"
  },
  "x_score": [
    35.0,
    67.0,
    66.0,
    65.0,
    83.0,
    40.0
  ],
  "affinity_vector": {
    "western": 0.19970375599872545,
    "orthodox": 0.05146836001539659,
    "islamic": 0.05001224355232864,
    "sinic": 0.07827639157477737,
    "hindic": 0.10082020032657422,
    "japanese": 0.21127620738553393,
    "buddhist": 0.04651336866045212,
    "latin_american": 0.03190577363246614,
    "african": 0.05771121062779508,
    "indigenous": 0.040493895311791595,
    "oceanian": 0.13181859291415887
  },
  "data_quality": {
    "iw_coverage": "present",
    "hofstede_coverage": "present",
    "low_evidence": false,
    "x_viz_provenance": "observed",
    "x_score_provenance": "observed",
    "x_score_sigma_prior": null,
    "fallback_civilization_id": "western",
    "pew_to_iw_model": {
      "training_n": 93,
      "rmse_ts": 0.4826353981600494,
      "rmse_se": 0.647842466967669
    },
    "governance_to_hofstede_model": {
      "training_n": 63,
      "rmse_per_dimension": {
        "pdi": 12.89482013219045,
        "idv": 16.654266762366433,
        "mas": 17.276090153261453,
        "uai": 19.840361952573588,
        "lto": 23.703391973204358,
        "ivr": 22.027751828622787
      }
    }
  },
  "source_refs": [
    "wvs_wave7_2022",
    "hofstede_2010"
  ],
  "curated_civilization": "western",
  "curated_role": "core",
  "curated_civilizations_competing": null,
  "sub_cluster_id": "protestant_europe",
  "sub_cluster_label": "Protestant Europe"
}