{
  "iso3": "DJI",
  "label": null,
  "x_viz": [
    -1.3011446213247186,
    -0.7970997587101345
  ],
  "x_viz_ellipse": {
    "sigma": [
      [
        0.23293692755710943,
        0.0
      ],
      [
        0.0,
        0.4196998620067553
      ]
    ],
    "confidence_level": 0.8,
    "source": "imputed_pew"
  },
  "x_score": [
    72.32472311269187,
    22.277419771569924,
    50.03022337019782,
    34.979496121902415,
    41.14790781209331,
    27.73278527799713
  ],
  "affinity_vector": {
    "western": 0.02428090670214788,
    "orthodox": 0.030819546917582746,
    "islamic": 0.16627167883766358,
    "sinic": 0.16877123639357694,
    "hindic": 0.21267235032194076,
    "japanese": 0.008879577474069906,
    "buddhist": 0.11225295258105877,
    "latin_american": 0.03151992484458585,
    "african": 0.10901530267646038,
    "indigenous": 0.05554273026466831,
    "oceanian": 0.07997379298624496
  },
  "data_quality": {
    "iw_coverage": "missing",
    "hofstede_coverage": "missing",
    "low_evidence": true,
    "x_viz_provenance": "imputed_pew",
    "x_score_provenance": "imputed_governance",
    "x_score_sigma_prior": [
      12.89482013219045,
      16.654266762366433,
      17.276090153261453,
      19.840361952573588,
      23.703391973204358,
      22.027751828622787
    ],
    "fallback_civilization_id": "islamic",
    "pew_to_iw_model": {
      "training_n": 93,
      "rmse_ts": 0.4826353981600494,
      "rmse_se": 0.647842466967669
    },
    "governance_to_hofstede_model": {
      "training_n": 63,
      "rmse_per_dimension": {
        "pdi": 12.89482013219045,
        "idv": 16.654266762366433,
        "mas": 17.276090153261453,
        "uai": 19.840361952573588,
        "lto": 23.703391973204358,
        "ivr": 22.027751828622787
      }
    }
  },
  "source_refs": [
    "pew_religious_composition_2020",
    "wgi_2022",
    "fsi_2024"
  ],
  "curated_civilization": "islamic",
  "curated_role": "core",
  "curated_civilizations_competing": null,
  "sub_cluster_id": null,
  "sub_cluster_label": null
}