{
  "iso3": "DMA",
  "label": null,
  "x_viz": [
    -0.4397454225702031,
    0.054336300619383104
  ],
  "x_viz_ellipse": {
    "sigma": [
      [
        0.23293692755710943,
        0.0
      ],
      [
        0.0,
        0.4196998620067553
      ]
    ],
    "confidence_level": 0.8,
    "source": "imputed_pew"
  },
  "x_score": [
    65.74469567371402,
    35.03888209058152,
    48.78870836480925,
    62.070746681931446,
    40.95378201678252,
    48.2459202727718
  ],
  "affinity_vector": {
    "western": 0.04043707764735047,
    "orthodox": 0.03595723412110267,
    "islamic": 0.1580431681550535,
    "sinic": 0.0445362594450105,
    "hindic": 0.07635149776595665,
    "japanese": 0.012227965220746987,
    "buddhist": 0.16016811297615793,
    "latin_american": 0.08263242703592577,
    "african": 0.17855695230259278,
    "indigenous": 0.08031031902411229,
    "oceanian": 0.1307789863059904
  },
  "data_quality": {
    "iw_coverage": "missing",
    "hofstede_coverage": "missing",
    "low_evidence": true,
    "x_viz_provenance": "imputed_pew",
    "x_score_provenance": "imputed_governance",
    "x_score_sigma_prior": [
      12.89482013219045,
      16.654266762366433,
      17.276090153261453,
      19.840361952573588,
      23.703391973204358,
      22.027751828622787
    ],
    "fallback_civilization_id": "western",
    "pew_to_iw_model": {
      "training_n": 93,
      "rmse_ts": 0.4826353981600494,
      "rmse_se": 0.647842466967669
    },
    "governance_to_hofstede_model": {
      "training_n": 63,
      "rmse_per_dimension": {
        "pdi": 12.89482013219045,
        "idv": 16.654266762366433,
        "mas": 17.276090153261453,
        "uai": 19.840361952573588,
        "lto": 23.703391973204358,
        "ivr": 22.027751828622787
      }
    }
  },
  "source_refs": [
    "pew_religious_composition_2020",
    "wgi_2022",
    "fsi_2024"
  ],
  "curated_civilization": "western",
  "curated_role": "periphery",
  "curated_civilizations_competing": null,
  "sub_cluster_id": null,
  "sub_cluster_label": null
}