{
  "iso3": "DZA",
  "label": null,
  "x_viz": [
    -1.144359385600218,
    -0.5239490914161411
  ],
  "x_viz_ellipse": {
    "sigma": [
      [
        0.14149611837262427,
        0.0
      ],
      [
        0.0,
        0.29336848480021727
      ]
    ],
    "confidence_level": 0.8,
    "source": "wvs_wave6_predicted_from_items"
  },
  "x_score": [
    75.51684269173685,
    25.92336169950748,
    47.05904380693396,
    45.212651544928214,
    38.4967598193252,
    28.474047396663067
  ],
  "affinity_vector": {
    "western": 0.022597319779493443,
    "orthodox": 0.03838690439601359,
    "islamic": 0.22677604701631182,
    "sinic": 0.10295842456157019,
    "hindic": 0.18186654730771706,
    "japanese": 0.0082681460893092,
    "buddhist": 0.1419576181777356,
    "latin_american": 0.03746195252671475,
    "african": 0.1073553645849783,
    "indigenous": 0.061500801826413265,
    "oceanian": 0.07087087373374283
  },
  "data_quality": {
    "iw_coverage": "present",
    "hofstede_coverage": "missing",
    "low_evidence": true,
    "x_viz_provenance": "imputed_wvs_items",
    "x_score_provenance": "imputed_governance",
    "x_score_sigma_prior": [
      12.89482013219045,
      16.654266762366433,
      17.276090153261453,
      19.840361952573588,
      23.703391973204358,
      22.027751828622787
    ],
    "fallback_civilization_id": "islamic",
    "pew_to_iw_model": {
      "training_n": 93,
      "rmse_ts": 0.4826353981600494,
      "rmse_se": 0.647842466967669
    },
    "governance_to_hofstede_model": {
      "training_n": 63,
      "rmse_per_dimension": {
        "pdi": 12.89482013219045,
        "idv": 16.654266762366433,
        "mas": 17.276090153261453,
        "uai": 19.840361952573588,
        "lto": 23.703391973204358,
        "ivr": 22.027751828622787
      }
    }
  },
  "source_refs": [
    "wgi_2022",
    "fsi_2024"
  ],
  "curated_civilization": "islamic",
  "curated_role": "core",
  "curated_civilizations_competing": null,
  "sub_cluster_id": null,
  "sub_cluster_label": null
}