{
  "iso3": "ECU",
  "label": null,
  "x_viz": [
    -1.05,
    0.3
  ],
  "x_viz_ellipse": {
    "sigma": [
      [
        0.0484,
        0.0
      ],
      [
        0.0,
        0.0484
      ]
    ],
    "confidence_level": 0.8,
    "source": "wvs_wave7_official"
  },
  "x_score": [
    78.0,
    8.0,
    63.0,
    67.0,
    54.0,
    54.0
  ],
  "affinity_vector": {
    "western": 0.01196935220355198,
    "orthodox": 0.046169930251683394,
    "islamic": 0.10108756772652862,
    "sinic": 0.06476138401924925,
    "hindic": 0.0424426696534109,
    "japanese": 0.0208973649964594,
    "buddhist": 0.18070262201335038,
    "latin_american": 0.08869025065885804,
    "african": 0.12784228843092632,
    "indigenous": 0.26911675733446466,
    "oceanian": 0.046319812711517
  },
  "data_quality": {
    "iw_coverage": "present",
    "hofstede_coverage": "missing",
    "low_evidence": true,
    "x_viz_provenance": "observed",
    "x_score_provenance": "observed_with_dim_imputation",
    "x_score_sigma_prior": null,
    "fallback_civilization_id": "indigenous",
    "pew_to_iw_model": {
      "training_n": 93,
      "rmse_ts": 0.4826353981600494,
      "rmse_se": 0.647842466967669
    },
    "governance_to_hofstede_model": {
      "training_n": 63,
      "rmse_per_dimension": {
        "pdi": 12.89482013219045,
        "idv": 16.654266762366433,
        "mas": 17.276090153261453,
        "uai": 19.840361952573588,
        "lto": 23.703391973204358,
        "ivr": 22.027751828622787
      }
    }
  },
  "source_refs": [
    "wvs_wave7_2022",
    "hofstede_2010"
  ],
  "curated_civilization": "indigenous",
  "curated_role": "periphery",
  "curated_civilizations_competing": [
    "latin_american"
  ],
  "sub_cluster_id": "andean",
  "sub_cluster_label": "Andin"
}