{
  "iso3": "EGY",
  "label": null,
  "x_viz": [
    -1.55,
    -1.2
  ],
  "x_viz_ellipse": {
    "sigma": [
      [
        0.04000000000000001,
        0.0
      ],
      [
        0.0,
        0.04000000000000001
      ]
    ],
    "confidence_level": 0.8
  },
  "x_score": [
    70.0,
    25.0,
    45.0,
    80.0,
    7.0,
    4.0
  ],
  "affinity_vector": {
    "western": 0.023729550153206602,
    "orthodox": 0.09116254446399473,
    "islamic": 0.33182061196972745,
    "sinic": 0.032001161444508604,
    "hindic": 0.08181730250621026,
    "japanese": 0.012346312475378244,
    "buddhist": 0.15551817955266997,
    "latin_american": 0.07766438209442349,
    "african": 0.0721252646705271,
    "indigenous": 0.07224867579629811,
    "oceanian": 0.04956601487305542
  },
  "data_quality": {
    "iw_coverage": "present",
    "hofstede_coverage": "present",
    "low_evidence": false
  },
  "source_refs": [
    "wvs_wave7_2022",
    "hofstede_2010"
  ]
}