{
  "iso3": "EGY",
  "label": null,
  "x_viz": [
    -1.55,
    -1.2
  ],
  "x_viz_ellipse": {
    "sigma": [
      [
        0.04000000000000001,
        0.0
      ],
      [
        0.0,
        0.04000000000000001
      ]
    ],
    "confidence_level": 0.8,
    "source": "wvs_wave7_official"
  },
  "x_score": [
    70.0,
    25.0,
    45.0,
    80.0,
    7.0,
    4.0
  ],
  "affinity_vector": {
    "western": 0.023729550153206602,
    "orthodox": 0.09116254446399473,
    "islamic": 0.33182061196972745,
    "sinic": 0.032001161444508604,
    "hindic": 0.08181730250621026,
    "japanese": 0.012346312475378244,
    "buddhist": 0.15551817955266997,
    "latin_american": 0.07766438209442349,
    "african": 0.0721252646705271,
    "indigenous": 0.07224867579629811,
    "oceanian": 0.04956601487305542
  },
  "data_quality": {
    "iw_coverage": "present",
    "hofstede_coverage": "present",
    "low_evidence": false,
    "x_viz_provenance": "observed",
    "x_score_provenance": "observed",
    "x_score_sigma_prior": null,
    "fallback_civilization_id": "islamic",
    "pew_to_iw_model": {
      "training_n": 93,
      "rmse_ts": 0.4826353981600494,
      "rmse_se": 0.647842466967669
    },
    "governance_to_hofstede_model": {
      "training_n": 63,
      "rmse_per_dimension": {
        "pdi": 12.89482013219045,
        "idv": 16.654266762366433,
        "mas": 17.276090153261453,
        "uai": 19.840361952573588,
        "lto": 23.703391973204358,
        "ivr": 22.027751828622787
      }
    }
  },
  "source_refs": [
    "wvs_wave7_2022",
    "hofstede_2010"
  ],
  "curated_civilization": "islamic",
  "curated_role": "core",
  "curated_civilizations_competing": null,
  "sub_cluster_id": "arab_islamic",
  "sub_cluster_label": "Islam arabe"
}