{
  "iso3": "ERI",
  "label": null,
  "x_viz": [
    -1.6701210508888997,
    -1.0696414905454543
  ],
  "x_viz_ellipse": {
    "sigma": [
      [
        0.23293692755710943,
        0.0
      ],
      [
        0.0,
        0.4196998620067553
      ]
    ],
    "confidence_level": 0.8,
    "source": "imputed_pew"
  },
  "x_score": [
    62.88720617048355,
    27.537066759542473,
    46.373765636497836,
    19.80525627933804,
    39.605420374458305,
    17.333468614869712
  ],
  "affinity_vector": {
    "western": 0.03858049759802019,
    "orthodox": 0.026320624320497633,
    "islamic": 0.12749506509931094,
    "sinic": 0.20506987069971044,
    "hindic": 0.27288407382846414,
    "japanese": 0.008993982982124204,
    "buddhist": 0.07689510106949807,
    "latin_american": 0.02339974352815758,
    "african": 0.08640730924455592,
    "indigenous": 0.03735120606195989,
    "oceanian": 0.09660252556770092
  },
  "data_quality": {
    "iw_coverage": "missing",
    "hofstede_coverage": "missing",
    "low_evidence": true,
    "x_viz_provenance": "imputed_pew",
    "x_score_provenance": "imputed_governance",
    "x_score_sigma_prior": [
      12.89482013219045,
      16.654266762366433,
      17.276090153261453,
      19.840361952573588,
      23.703391973204358,
      22.027751828622787
    ],
    "fallback_civilization_id": "african",
    "pew_to_iw_model": {
      "training_n": 93,
      "rmse_ts": 0.4826353981600494,
      "rmse_se": 0.647842466967669
    },
    "governance_to_hofstede_model": {
      "training_n": 63,
      "rmse_per_dimension": {
        "pdi": 12.89482013219045,
        "idv": 16.654266762366433,
        "mas": 17.276090153261453,
        "uai": 19.840361952573588,
        "lto": 23.703391973204358,
        "ivr": 22.027751828622787
      }
    }
  },
  "source_refs": [
    "pew_religious_composition_2020",
    "wgi_2022",
    "fsi_2024"
  ],
  "curated_civilization": "african",
  "curated_role": "periphery",
  "curated_civilizations_competing": null,
  "sub_cluster_id": null,
  "sub_cluster_label": null
}