{
  "iso3": "EST",
  "label": null,
  "x_viz": [
    1.1303563141728472,
    -0.34150792729263213
  ],
  "x_viz_ellipse": {
    "sigma": [
      [
        0.14149611837262427,
        0.0
      ],
      [
        0.0,
        0.29336848480021727
      ]
    ],
    "confidence_level": 0.8,
    "source": "wvs_wave6_predicted_from_items"
  },
  "x_score": [
    60.85297315771527,
    49.56121160431608,
    49.49494861472444,
    89.77090459114984,
    48.68532304718512,
    61.74130271777031
  ],
  "affinity_vector": {
    "western": 0.08415725966101537,
    "orthodox": 0.07282717199581744,
    "islamic": 0.08951239641283565,
    "sinic": 0.025186512391219506,
    "hindic": 0.042891951812436394,
    "japanese": 0.04280351133570701,
    "buddhist": 0.12106228847708374,
    "latin_american": 0.1849477170868751,
    "african": 0.1144023446613235,
    "indigenous": 0.10578602149648623,
    "oceanian": 0.1164228246692001
  },
  "data_quality": {
    "iw_coverage": "present",
    "hofstede_coverage": "missing",
    "low_evidence": true,
    "x_viz_provenance": "imputed_wvs_items",
    "x_score_provenance": "imputed_governance",
    "x_score_sigma_prior": [
      12.89482013219045,
      16.654266762366433,
      17.276090153261453,
      19.840361952573588,
      23.703391973204358,
      22.027751828622787
    ],
    "fallback_civilization_id": "western",
    "pew_to_iw_model": {
      "training_n": 93,
      "rmse_ts": 0.4826353981600494,
      "rmse_se": 0.647842466967669
    },
    "governance_to_hofstede_model": {
      "training_n": 63,
      "rmse_per_dimension": {
        "pdi": 12.89482013219045,
        "idv": 16.654266762366433,
        "mas": 17.276090153261453,
        "uai": 19.840361952573588,
        "lto": 23.703391973204358,
        "ivr": 22.027751828622787
      }
    }
  },
  "source_refs": [
    "wgi_2022",
    "fsi_2024"
  ],
  "curated_civilization": "western",
  "curated_role": "periphery",
  "curated_civilizations_competing": null,
  "sub_cluster_id": null,
  "sub_cluster_label": null
}