{
  "iso3": "FIN",
  "label": null,
  "x_viz": [
    0.9,
    1.5
  ],
  "x_viz_ellipse": {
    "sigma": [
      [
        0.0225,
        0.0
      ],
      [
        0.0,
        0.0225
      ]
    ],
    "confidence_level": 0.8,
    "source": "wvs_wave7_official"
  },
  "x_score": [
    33.0,
    63.0,
    26.0,
    59.0,
    38.0,
    57.0
  ],
  "affinity_vector": {
    "western": 0.43135333813403154,
    "orthodox": 0.021112480586978507,
    "islamic": 0.04925911628357719,
    "sinic": 0.026255648937378858,
    "hindic": 0.04761609156234778,
    "japanese": 0.011172718123512665,
    "buddhist": 0.04676449085103536,
    "latin_american": 0.04973775226232765,
    "african": 0.0701618666904641,
    "indigenous": 0.02746068577905814,
    "oceanian": 0.21910581078928815
  },
  "data_quality": {
    "iw_coverage": "present",
    "hofstede_coverage": "present",
    "low_evidence": false,
    "x_viz_provenance": "observed",
    "x_score_provenance": "observed",
    "x_score_sigma_prior": null,
    "fallback_civilization_id": "western",
    "pew_to_iw_model": {
      "training_n": 93,
      "rmse_ts": 0.4826353981600494,
      "rmse_se": 0.647842466967669
    },
    "governance_to_hofstede_model": {
      "training_n": 63,
      "rmse_per_dimension": {
        "pdi": 12.89482013219045,
        "idv": 16.654266762366433,
        "mas": 17.276090153261453,
        "uai": 19.840361952573588,
        "lto": 23.703391973204358,
        "ivr": 22.027751828622787
      }
    }
  },
  "source_refs": [
    "wvs_wave7_2022",
    "hofstede_2010"
  ],
  "curated_civilization": "western",
  "curated_role": "core",
  "curated_civilizations_competing": null,
  "sub_cluster_id": "protestant_europe",
  "sub_cluster_label": "Protestant Europe"
}