{
  "iso3": "FJI",
  "label": null,
  "x_viz": [
    -0.8,
    0.4
  ],
  "x_viz_ellipse": {
    "sigma": [
      [
        0.09,
        0.0
      ],
      [
        0.0,
        0.09
      ]
    ],
    "confidence_level": 0.8,
    "source": "wvs_wave7_official"
  },
  "x_score": [
    78.0,
    14.0,
    46.0,
    48.0,
    46.5,
    46.5
  ],
  "affinity_vector": {
    "western": 0.017480882036399775,
    "orthodox": 0.03637723197285694,
    "islamic": 0.14104336949272545,
    "sinic": 0.11696458882169379,
    "hindic": 0.08453650103426509,
    "japanese": 0.008619757581652404,
    "buddhist": 0.1950823351956564,
    "latin_american": 0.05697861267421786,
    "african": 0.1516449716721628,
    "indigenous": 0.12250358732303755,
    "oceanian": 0.06876816219533212
  },
  "data_quality": {
    "iw_coverage": "present",
    "hofstede_coverage": "missing",
    "low_evidence": true,
    "x_viz_provenance": "observed",
    "x_score_provenance": "observed_with_dim_imputation",
    "x_score_sigma_prior": null,
    "fallback_civilization_id": "oceanian",
    "pew_to_iw_model": {
      "training_n": 93,
      "rmse_ts": 0.4826353981600494,
      "rmse_se": 0.647842466967669
    },
    "governance_to_hofstede_model": {
      "training_n": 63,
      "rmse_per_dimension": {
        "pdi": 12.89482013219045,
        "idv": 16.654266762366433,
        "mas": 17.276090153261453,
        "uai": 19.840361952573588,
        "lto": 23.703391973204358,
        "ivr": 22.027751828622787
      }
    }
  },
  "source_refs": [
    "wvs_wave7_2022",
    "hofstede_2010"
  ],
  "curated_civilization": "oceanian",
  "curated_role": "core",
  "curated_civilizations_competing": null,
  "sub_cluster_id": "melanesia",
  "sub_cluster_label": "Mélanésie"
}