{
  "iso3": "FSM",
  "label": null,
  "x_viz": [
    -0.6914209137181491,
    -0.15026311462805397
  ],
  "x_viz_ellipse": {
    "sigma": [
      [
        0.23293692755710943,
        0.0
      ],
      [
        0.0,
        0.4196998620067553
      ]
    ],
    "confidence_level": 0.8,
    "source": "imputed_pew"
  },
  "x_score": [
    52.819127682214074,
    44.70463602362722,
    52.17001565136302,
    56.09465812304793,
    42.59245515619628,
    41.973961851583994
  ],
  "affinity_vector": {
    "western": 0.09637364244869881,
    "orthodox": 0.030726061494648557,
    "islamic": 0.12202292736412357,
    "sinic": 0.05584660913266332,
    "hindic": 0.11826397618018886,
    "japanese": 0.018172084817398557,
    "buddhist": 0.08973490355962901,
    "latin_american": 0.05310430911311782,
    "african": 0.13137966945909732,
    "indigenous": 0.04804344387854642,
    "oceanian": 0.23633237255188763
  },
  "data_quality": {
    "iw_coverage": "missing",
    "hofstede_coverage": "missing",
    "low_evidence": true,
    "x_viz_provenance": "imputed_pew",
    "x_score_provenance": "imputed_governance",
    "x_score_sigma_prior": [
      12.89482013219045,
      16.654266762366433,
      17.276090153261453,
      19.840361952573588,
      23.703391973204358,
      22.027751828622787
    ],
    "fallback_civilization_id": "oceanian",
    "pew_to_iw_model": {
      "training_n": 93,
      "rmse_ts": 0.4826353981600494,
      "rmse_se": 0.647842466967669
    },
    "governance_to_hofstede_model": {
      "training_n": 63,
      "rmse_per_dimension": {
        "pdi": 12.89482013219045,
        "idv": 16.654266762366433,
        "mas": 17.276090153261453,
        "uai": 19.840361952573588,
        "lto": 23.703391973204358,
        "ivr": 22.027751828622787
      }
    }
  },
  "source_refs": [
    "pew_religious_composition_2020",
    "wgi_2022",
    "fsi_2024"
  ],
  "curated_civilization": "oceanian",
  "curated_role": "core",
  "curated_civilizations_competing": null,
  "sub_cluster_id": null,
  "sub_cluster_label": null
}