{
  "iso3": "GAB",
  "label": null,
  "x_viz": [
    -1.116963590312674,
    -0.35016839940343525
  ],
  "x_viz_ellipse": {
    "sigma": [
      [
        0.23293692755710943,
        0.0
      ],
      [
        0.0,
        0.4196998620067553
      ]
    ],
    "confidence_level": 0.8,
    "source": "imputed_pew"
  },
  "x_score": [
    77.29461225556305,
    23.44352295622798,
    50.25408476547792,
    55.8928681764012,
    37.58910697810098,
    41.64626907973789
  ],
  "affinity_vector": {
    "western": 0.017859198079663543,
    "orthodox": 0.03493668753251327,
    "islamic": 0.22616232621679672,
    "sinic": 0.05669796943921425,
    "hindic": 0.08469463459865571,
    "japanese": 0.008150979470449373,
    "buddhist": 0.20382643224539904,
    "latin_american": 0.06136076742661066,
    "african": 0.15068920604855754,
    "indigenous": 0.08978749067961253,
    "oceanian": 0.0658343082625274
  },
  "data_quality": {
    "iw_coverage": "missing",
    "hofstede_coverage": "missing",
    "low_evidence": true,
    "x_viz_provenance": "imputed_pew",
    "x_score_provenance": "imputed_governance",
    "x_score_sigma_prior": [
      12.89482013219045,
      16.654266762366433,
      17.276090153261453,
      19.840361952573588,
      23.703391973204358,
      22.027751828622787
    ],
    "fallback_civilization_id": "african",
    "pew_to_iw_model": {
      "training_n": 93,
      "rmse_ts": 0.4826353981600494,
      "rmse_se": 0.647842466967669
    },
    "governance_to_hofstede_model": {
      "training_n": 63,
      "rmse_per_dimension": {
        "pdi": 12.89482013219045,
        "idv": 16.654266762366433,
        "mas": 17.276090153261453,
        "uai": 19.840361952573588,
        "lto": 23.703391973204358,
        "ivr": 22.027751828622787
      }
    }
  },
  "source_refs": [
    "pew_religious_composition_2020",
    "wgi_2022",
    "fsi_2024"
  ],
  "curated_civilization": "african",
  "curated_role": "core",
  "curated_civilizations_competing": null,
  "sub_cluster_id": null,
  "sub_cluster_label": null
}