{
  "iso3": "GBR",
  "label": null,
  "x_viz": [
    0.85,
    1.5
  ],
  "x_viz_ellipse": {
    "sigma": [
      [
        0.0225,
        0.0
      ],
      [
        0.0,
        0.0225
      ]
    ],
    "confidence_level": 0.8,
    "source": "wvs_wave7_official"
  },
  "x_score": [
    35.0,
    89.0,
    66.0,
    35.0,
    51.0,
    69.0
  ],
  "affinity_vector": {
    "western": 0.4846647887219141,
    "orthodox": 0.010215272175281788,
    "islamic": 0.028090331872234982,
    "sinic": 0.03238526387489993,
    "hindic": 0.06935354687175121,
    "japanese": 0.02815936670210799,
    "buddhist": 0.023008541049231723,
    "latin_american": 0.025862183179490253,
    "african": 0.06839778022723464,
    "indigenous": 0.015348120400830681,
    "oceanian": 0.21451480492502262
  },
  "data_quality": {
    "iw_coverage": "present",
    "hofstede_coverage": "present",
    "low_evidence": false,
    "x_viz_provenance": "observed",
    "x_score_provenance": "observed",
    "x_score_sigma_prior": null,
    "fallback_civilization_id": "western",
    "pew_to_iw_model": {
      "training_n": 93,
      "rmse_ts": 0.4826353981600494,
      "rmse_se": 0.647842466967669
    },
    "governance_to_hofstede_model": {
      "training_n": 63,
      "rmse_per_dimension": {
        "pdi": 12.89482013219045,
        "idv": 16.654266762366433,
        "mas": 17.276090153261453,
        "uai": 19.840361952573588,
        "lto": 23.703391973204358,
        "ivr": 22.027751828622787
      }
    }
  },
  "source_refs": [
    "wvs_wave7_2022",
    "hofstede_2010"
  ],
  "curated_civilization": "western",
  "curated_role": "core",
  "curated_civilizations_competing": null,
  "sub_cluster_id": "english_speaking",
  "sub_cluster_label": "Anglo / English-speaking"
}