{
  "iso3": "GEO",
  "label": null,
  "x_viz": [
    -1.2517657640174307,
    -0.9974213824285947
  ],
  "x_viz_ellipse": {
    "sigma": [
      [
        0.14149611837262427,
        0.0
      ],
      [
        0.0,
        0.29336848480021727
      ]
    ],
    "confidence_level": 0.8,
    "source": "wvs_wave6_predicted_from_items"
  },
  "x_score": [
    64.25889592042246,
    43.44729874110608,
    51.55499523651652,
    65.94932569498843,
    47.881315708966795,
    44.558063432440356
  ],
  "affinity_vector": {
    "western": 0.06109104388544051,
    "orthodox": 0.05270455807769155,
    "islamic": 0.14714844000999333,
    "sinic": 0.05106381417129652,
    "hindic": 0.10376572954348445,
    "japanese": 0.022635706922836386,
    "buddhist": 0.13706581804294135,
    "latin_american": 0.07214567273483447,
    "african": 0.1359572119689072,
    "indigenous": 0.07637739839965267,
    "oceanian": 0.14004460624292153
  },
  "data_quality": {
    "iw_coverage": "present",
    "hofstede_coverage": "missing",
    "low_evidence": true,
    "x_viz_provenance": "imputed_wvs_items",
    "x_score_provenance": "imputed_governance",
    "x_score_sigma_prior": [
      12.89482013219045,
      16.654266762366433,
      17.276090153261453,
      19.840361952573588,
      23.703391973204358,
      22.027751828622787
    ],
    "fallback_civilization_id": "orthodox",
    "pew_to_iw_model": {
      "training_n": 93,
      "rmse_ts": 0.4826353981600494,
      "rmse_se": 0.647842466967669
    },
    "governance_to_hofstede_model": {
      "training_n": 63,
      "rmse_per_dimension": {
        "pdi": 12.89482013219045,
        "idv": 16.654266762366433,
        "mas": 17.276090153261453,
        "uai": 19.840361952573588,
        "lto": 23.703391973204358,
        "ivr": 22.027751828622787
      }
    }
  },
  "source_refs": [
    "wgi_2022",
    "fsi_2024"
  ],
  "curated_civilization": "orthodox",
  "curated_role": "core",
  "curated_civilizations_competing": null,
  "sub_cluster_id": null,
  "sub_cluster_label": null
}