{
  "iso3": "GNB",
  "label": null,
  "x_viz": [
    -1.3361710737449837,
    -0.5156557750844788
  ],
  "x_viz_ellipse": {
    "sigma": [
      [
        0.23293692755710943,
        0.0
      ],
      [
        0.0,
        0.4196998620067553
      ]
    ],
    "confidence_level": 0.8,
    "source": "imputed_pew"
  },
  "x_score": [
    56.95531400122068,
    24.49850518420342,
    54.17613966875444,
    29.35839212472731,
    22.205913336118716,
    44.85018077016751
  ],
  "affinity_vector": {
    "western": 0.04945475764135299,
    "orthodox": 0.01614823107462748,
    "islamic": 0.1327028127031444,
    "sinic": 0.08397749032202255,
    "hindic": 0.12124182959945318,
    "japanese": 0.00795270420419589,
    "buddhist": 0.09025183908840896,
    "latin_american": 0.05425748232728274,
    "african": 0.20459033549346023,
    "indigenous": 0.04714161011959958,
    "oceanian": 0.19228090742645207
  },
  "data_quality": {
    "iw_coverage": "missing",
    "hofstede_coverage": "missing",
    "low_evidence": true,
    "x_viz_provenance": "imputed_pew",
    "x_score_provenance": "imputed_governance",
    "x_score_sigma_prior": [
      12.89482013219045,
      16.654266762366433,
      17.276090153261453,
      19.840361952573588,
      23.703391973204358,
      22.027751828622787
    ],
    "fallback_civilization_id": "african",
    "pew_to_iw_model": {
      "training_n": 93,
      "rmse_ts": 0.4826353981600494,
      "rmse_se": 0.647842466967669
    },
    "governance_to_hofstede_model": {
      "training_n": 63,
      "rmse_per_dimension": {
        "pdi": 12.89482013219045,
        "idv": 16.654266762366433,
        "mas": 17.276090153261453,
        "uai": 19.840361952573588,
        "lto": 23.703391973204358,
        "ivr": 22.027751828622787
      }
    }
  },
  "source_refs": [
    "pew_religious_composition_2020",
    "wgi_2022",
    "fsi_2024"
  ],
  "curated_civilization": "african",
  "curated_role": "periphery",
  "curated_civilizations_competing": null,
  "sub_cluster_id": null,
  "sub_cluster_label": null
}