{
  "iso3": "GNQ",
  "label": null,
  "x_viz": [
    -1.0613741303712774,
    -0.23409855225015663
  ],
  "x_viz_ellipse": {
    "sigma": [
      [
        0.23293692755710943,
        0.0
      ],
      [
        0.0,
        0.4196998620067553
      ]
    ],
    "confidence_level": 0.8,
    "source": "imputed_pew"
  },
  "x_score": [
    66.04383005535846,
    26.705378257827903,
    45.01641799742326,
    38.23922504766205,
    43.17506026626506,
    36.719462404062966
  ],
  "affinity_vector": {
    "western": 0.03536378553376211,
    "orthodox": 0.028772531782869988,
    "islamic": 0.14465396748017484,
    "sinic": 0.1477087967199619,
    "hindic": 0.17370994838528503,
    "japanese": 0.008836014828634154,
    "buddhist": 0.11605319839934516,
    "latin_american": 0.03755341960526944,
    "african": 0.13169757875349114,
    "indigenous": 0.05782193740162935,
    "oceanian": 0.11782882110957685
  },
  "data_quality": {
    "iw_coverage": "missing",
    "hofstede_coverage": "missing",
    "low_evidence": true,
    "x_viz_provenance": "imputed_pew",
    "x_score_provenance": "imputed_governance",
    "x_score_sigma_prior": [
      12.89482013219045,
      16.654266762366433,
      17.276090153261453,
      19.840361952573588,
      23.703391973204358,
      22.027751828622787
    ],
    "fallback_civilization_id": "african",
    "pew_to_iw_model": {
      "training_n": 93,
      "rmse_ts": 0.4826353981600494,
      "rmse_se": 0.647842466967669
    },
    "governance_to_hofstede_model": {
      "training_n": 63,
      "rmse_per_dimension": {
        "pdi": 12.89482013219045,
        "idv": 16.654266762366433,
        "mas": 17.276090153261453,
        "uai": 19.840361952573588,
        "lto": 23.703391973204358,
        "ivr": 22.027751828622787
      }
    }
  },
  "source_refs": [
    "pew_religious_composition_2020",
    "wgi_2022",
    "fsi_2024"
  ],
  "curated_civilization": "african",
  "curated_role": "core",
  "curated_civilizations_competing": null,
  "sub_cluster_id": null,
  "sub_cluster_label": null
}