{
  "iso3": "GRD",
  "label": null,
  "x_viz": [
    -0.8523983378177943,
    0.019683755823508564
  ],
  "x_viz_ellipse": {
    "sigma": [
      [
        0.23293692755710943,
        0.0
      ],
      [
        0.0,
        0.4196998620067553
      ]
    ],
    "confidence_level": 0.8,
    "source": "imputed_pew"
  },
  "x_score": [
    66.53269751283187,
    29.95782836206404,
    47.913943622397305,
    60.033256482838006,
    35.877849208739164,
    51.98411194140563
  ],
  "affinity_vector": {
    "western": 0.03250867394695936,
    "orthodox": 0.027730873484759146,
    "islamic": 0.14838882375666124,
    "sinic": 0.038931853988061565,
    "hindic": 0.05965158376825931,
    "japanese": 0.008947905697322088,
    "buddhist": 0.16212016224156636,
    "latin_american": 0.09618232073691199,
    "african": 0.22114268825659197,
    "indigenous": 0.08176898212315846,
    "oceanian": 0.1226261319997486
  },
  "data_quality": {
    "iw_coverage": "missing",
    "hofstede_coverage": "missing",
    "low_evidence": true,
    "x_viz_provenance": "imputed_pew",
    "x_score_provenance": "imputed_governance",
    "x_score_sigma_prior": [
      12.89482013219045,
      16.654266762366433,
      17.276090153261453,
      19.840361952573588,
      23.703391973204358,
      22.027751828622787
    ],
    "fallback_civilization_id": "western",
    "pew_to_iw_model": {
      "training_n": 93,
      "rmse_ts": 0.4826353981600494,
      "rmse_se": 0.647842466967669
    },
    "governance_to_hofstede_model": {
      "training_n": 63,
      "rmse_per_dimension": {
        "pdi": 12.89482013219045,
        "idv": 16.654266762366433,
        "mas": 17.276090153261453,
        "uai": 19.840361952573588,
        "lto": 23.703391973204358,
        "ivr": 22.027751828622787
      }
    }
  },
  "source_refs": [
    "pew_religious_composition_2020",
    "wgi_2022",
    "fsi_2024"
  ],
  "curated_civilization": "western",
  "curated_role": "periphery",
  "curated_civilizations_competing": null,
  "sub_cluster_id": null,
  "sub_cluster_label": null
}