{
  "iso3": "GTM",
  "label": null,
  "x_viz": [
    -1.25,
    0.3
  ],
  "x_viz_ellipse": {
    "sigma": [
      [
        0.0484,
        0.0
      ],
      [
        0.0,
        0.0484
      ]
    ],
    "confidence_level": 0.8,
    "source": "wvs_wave7_official"
  },
  "x_score": [
    95.0,
    6.0,
    37.0,
    101.0,
    59.75,
    59.75
  ],
  "affinity_vector": {
    "western": 0.009141430730586689,
    "orthodox": 0.153945598510142,
    "islamic": 0.07012313859838082,
    "sinic": 0.026691998492654977,
    "hindic": 0.020376556417571728,
    "japanese": 0.017893299865603556,
    "buddhist": 0.1732801544737713,
    "latin_american": 0.12658091096511026,
    "african": 0.054515358686641306,
    "indigenous": 0.3249429293144369,
    "oceanian": 0.02250862394510043
  },
  "data_quality": {
    "iw_coverage": "present",
    "hofstede_coverage": "missing",
    "low_evidence": true,
    "x_viz_provenance": "observed",
    "x_score_provenance": "observed_with_dim_imputation",
    "x_score_sigma_prior": null,
    "fallback_civilization_id": "latin_american",
    "pew_to_iw_model": {
      "training_n": 93,
      "rmse_ts": 0.4826353981600494,
      "rmse_se": 0.647842466967669
    },
    "governance_to_hofstede_model": {
      "training_n": 63,
      "rmse_per_dimension": {
        "pdi": 12.89482013219045,
        "idv": 16.654266762366433,
        "mas": 17.276090153261453,
        "uai": 19.840361952573588,
        "lto": 23.703391973204358,
        "ivr": 22.027751828622787
      }
    }
  },
  "source_refs": [
    "wvs_wave7_2022",
    "hofstede_2010"
  ],
  "curated_civilization": "latin_american",
  "curated_role": "core",
  "curated_civilizations_competing": [
    "indigenous"
  ],
  "sub_cluster_id": "mexican_central_american",
  "sub_cluster_label": "Mexique / Amérique centrale"
}