{
  "iso3": "HND",
  "label": null,
  "x_viz": [
    -1.0549036358422503,
    -0.19380734948115785
  ],
  "x_viz_ellipse": {
    "sigma": [
      [
        0.23293692755710943,
        0.0
      ],
      [
        0.0,
        0.4196998620067553
      ]
    ],
    "confidence_level": 0.8,
    "source": "imputed_pew"
  },
  "x_score": [
    65.62961396358443,
    27.870821991759737,
    49.447743190080566,
    52.21281062898776,
    33.43154688043491,
    44.60944932182267
  ],
  "affinity_vector": {
    "western": 0.03206897060879354,
    "orthodox": 0.025985271662522208,
    "islamic": 0.1853059257813187,
    "sinic": 0.05476831464780539,
    "hindic": 0.08880851422794471,
    "japanese": 0.008414249297589814,
    "buddhist": 0.14547006227181747,
    "latin_american": 0.06746652119665855,
    "african": 0.197965215825145,
    "indigenous": 0.06792155182109015,
    "oceanian": 0.1258254026593146
  },
  "data_quality": {
    "iw_coverage": "missing",
    "hofstede_coverage": "missing",
    "low_evidence": true,
    "x_viz_provenance": "imputed_pew",
    "x_score_provenance": "imputed_governance",
    "x_score_sigma_prior": [
      12.89482013219045,
      16.654266762366433,
      17.276090153261453,
      19.840361952573588,
      23.703391973204358,
      22.027751828622787
    ],
    "fallback_civilization_id": "latin_american",
    "pew_to_iw_model": {
      "training_n": 93,
      "rmse_ts": 0.4826353981600494,
      "rmse_se": 0.647842466967669
    },
    "governance_to_hofstede_model": {
      "training_n": 63,
      "rmse_per_dimension": {
        "pdi": 12.89482013219045,
        "idv": 16.654266762366433,
        "mas": 17.276090153261453,
        "uai": 19.840361952573588,
        "lto": 23.703391973204358,
        "ivr": 22.027751828622787
      }
    }
  },
  "source_refs": [
    "pew_religious_composition_2020",
    "wgi_2022",
    "fsi_2024"
  ],
  "curated_civilization": "latin_american",
  "curated_role": "core",
  "curated_civilizations_competing": null,
  "sub_cluster_id": null,
  "sub_cluster_label": null
}