{
  "iso3": "HRV",
  "label": null,
  "x_viz": [
    0.032995118306406335,
    0.43599842790837817
  ],
  "x_viz_ellipse": {
    "sigma": [
      [
        0.23293692755710943,
        0.0
      ],
      [
        0.0,
        0.4196998620067553
      ]
    ],
    "confidence_level": 0.8,
    "source": "imputed_pew"
  },
  "x_score": [
    66.63272200165767,
    46.37750010570801,
    47.97152317636747,
    84.25459404638818,
    54.30526176100638,
    46.088502670080025
  ],
  "affinity_vector": {
    "western": 0.05752897045112831,
    "orthodox": 0.12445775529384662,
    "islamic": 0.12412954261106196,
    "sinic": 0.03717076651664471,
    "hindic": 0.06583759094827069,
    "japanese": 0.04117120968439176,
    "buddhist": 0.1528995057076534,
    "latin_american": 0.10354888302381678,
    "african": 0.09306669844041812,
    "indigenous": 0.1123215140509277,
    "oceanian": 0.08786756327184007
  },
  "data_quality": {
    "iw_coverage": "missing",
    "hofstede_coverage": "missing",
    "low_evidence": true,
    "x_viz_provenance": "imputed_pew",
    "x_score_provenance": "imputed_governance",
    "x_score_sigma_prior": [
      12.89482013219045,
      16.654266762366433,
      17.276090153261453,
      19.840361952573588,
      23.703391973204358,
      22.027751828622787
    ],
    "fallback_civilization_id": "western",
    "pew_to_iw_model": {
      "training_n": 93,
      "rmse_ts": 0.4826353981600494,
      "rmse_se": 0.647842466967669
    },
    "governance_to_hofstede_model": {
      "training_n": 63,
      "rmse_per_dimension": {
        "pdi": 12.89482013219045,
        "idv": 16.654266762366433,
        "mas": 17.276090153261453,
        "uai": 19.840361952573588,
        "lto": 23.703391973204358,
        "ivr": 22.027751828622787
      }
    }
  },
  "source_refs": [
    "pew_religious_composition_2020",
    "wgi_2022",
    "fsi_2024"
  ],
  "curated_civilization": "western",
  "curated_role": "periphery",
  "curated_civilizations_competing": null,
  "sub_cluster_id": null,
  "sub_cluster_label": null
}