{
  "iso3": "HTI",
  "label": null,
  "x_viz": [
    -1.5572028868375023,
    -0.5452887915278022
  ],
  "x_viz_ellipse": {
    "sigma": [
      [
        0.23293692755710943,
        0.0
      ],
      [
        0.0,
        0.4196998620067553
      ]
    ],
    "confidence_level": 0.8,
    "source": "imputed_pew"
  },
  "x_score": [
    58.84443502462885,
    27.62342045506475,
    54.465461750961275,
    35.633633643039325,
    23.012424796635468,
    42.496336728063426
  ],
  "affinity_vector": {
    "western": 0.047142143544150146,
    "orthodox": 0.017682838804785293,
    "islamic": 0.15031115559646083,
    "sinic": 0.07192863270938758,
    "hindic": 0.12351866159626662,
    "japanese": 0.008178252155612109,
    "buddhist": 0.09538096235077013,
    "latin_american": 0.055340620728218055,
    "african": 0.2012870088781449,
    "indigenous": 0.04716281151727708,
    "oceanian": 0.1820669121189272
  },
  "data_quality": {
    "iw_coverage": "missing",
    "hofstede_coverage": "missing",
    "low_evidence": true,
    "x_viz_provenance": "imputed_pew",
    "x_score_provenance": "imputed_governance",
    "x_score_sigma_prior": [
      12.89482013219045,
      16.654266762366433,
      17.276090153261453,
      19.840361952573588,
      23.703391973204358,
      22.027751828622787
    ],
    "fallback_civilization_id": "latin_american",
    "pew_to_iw_model": {
      "training_n": 93,
      "rmse_ts": 0.4826353981600494,
      "rmse_se": 0.647842466967669
    },
    "governance_to_hofstede_model": {
      "training_n": 63,
      "rmse_per_dimension": {
        "pdi": 12.89482013219045,
        "idv": 16.654266762366433,
        "mas": 17.276090153261453,
        "uai": 19.840361952573588,
        "lto": 23.703391973204358,
        "ivr": 22.027751828622787
      }
    }
  },
  "source_refs": [
    "pew_religious_composition_2020",
    "wgi_2022",
    "fsi_2024"
  ],
  "curated_civilization": "latin_american",
  "curated_role": "periphery",
  "curated_civilizations_competing": null,
  "sub_cluster_id": null,
  "sub_cluster_label": null
}