{
  "iso3": "IDN",
  "label": null,
  "x_viz": [
    -1.1,
    -0.3
  ],
  "x_viz_ellipse": {
    "sigma": [
      [
        0.04000000000000001,
        0.0
      ],
      [
        0.0,
        0.04000000000000001
      ]
    ],
    "confidence_level": 0.8,
    "source": "wvs_wave7_official"
  },
  "x_score": [
    78.0,
    14.0,
    46.0,
    48.0,
    62.0,
    38.0
  ],
  "affinity_vector": {
    "western": 0.01624373258181443,
    "orthodox": 0.055468828853742165,
    "islamic": 0.11136480491477418,
    "sinic": 0.24896524457264166,
    "hindic": 0.10507408934064287,
    "japanese": 0.013130830460556329,
    "buddhist": 0.15403751639728383,
    "latin_american": 0.036106086493706974,
    "african": 0.08863512894567081,
    "indigenous": 0.11860198241929931,
    "oceanian": 0.05237175501986754
  },
  "data_quality": {
    "iw_coverage": "present",
    "hofstede_coverage": "present",
    "low_evidence": false,
    "x_viz_provenance": "observed",
    "x_score_provenance": "observed",
    "x_score_sigma_prior": null,
    "fallback_civilization_id": "islamic",
    "pew_to_iw_model": {
      "training_n": 93,
      "rmse_ts": 0.4826353981600494,
      "rmse_se": 0.647842466967669
    },
    "governance_to_hofstede_model": {
      "training_n": 63,
      "rmse_per_dimension": {
        "pdi": 12.89482013219045,
        "idv": 16.654266762366433,
        "mas": 17.276090153261453,
        "uai": 19.840361952573588,
        "lto": 23.703391973204358,
        "ivr": 22.027751828622787
      }
    }
  },
  "source_refs": [
    "wvs_wave7_2022",
    "hofstede_2010"
  ],
  "curated_civilization": "islamic",
  "curated_role": "core",
  "curated_civilizations_competing": null,
  "sub_cluster_id": "southeast_asian_islamic",
  "sub_cluster_label": "Islam sud-est asiatique"
}