{
  "iso3": "IDN",
  "label": null,
  "x_viz": [
    -1.1,
    -0.3
  ],
  "x_viz_ellipse": {
    "sigma": [
      [
        0.04000000000000001,
        0.0
      ],
      [
        0.0,
        0.04000000000000001
      ]
    ],
    "confidence_level": 0.8
  },
  "x_score": [
    78.0,
    14.0,
    46.0,
    48.0,
    62.0,
    38.0
  ],
  "affinity_vector": {
    "western": 0.01624373258181443,
    "orthodox": 0.055468828853742165,
    "islamic": 0.11136480491477418,
    "sinic": 0.24896524457264166,
    "hindic": 0.10507408934064287,
    "japanese": 0.013130830460556329,
    "buddhist": 0.15403751639728383,
    "latin_american": 0.036106086493706974,
    "african": 0.08863512894567081,
    "indigenous": 0.11860198241929931,
    "oceanian": 0.05237175501986754
  },
  "data_quality": {
    "iw_coverage": "present",
    "hofstede_coverage": "present",
    "low_evidence": false
  },
  "source_refs": [
    "wvs_wave7_2022",
    "hofstede_2010"
  ],
  "curated_civilization": "islamic",
  "curated_role": "core",
  "curated_civilizations_competing": null,
  "sub_cluster_id": "southeast_asian_islamic",
  "sub_cluster_label": "Islam sud-est asiatique"
}