{
  "iso3": "ISL",
  "label": null,
  "x_viz": [
    0.46254777112209955,
    0.9864836039514375
  ],
  "x_viz_ellipse": {
    "sigma": [
      [
        0.23293692755710943,
        0.0
      ],
      [
        0.0,
        0.4196998620067553
      ]
    ],
    "confidence_level": 0.8,
    "source": "imputed_pew"
  },
  "x_score": [
    64.5765405921115,
    46.48145105319206,
    49.613638424994235,
    91.57192790858804,
    49.29119347339717,
    62.72954605664428
  ],
  "affinity_vector": {
    "western": 0.06434119204053351,
    "orthodox": 0.07829631316799346,
    "islamic": 0.08889131140057749,
    "sinic": 0.024234412970573382,
    "hindic": 0.039125600001070376,
    "japanese": 0.04081188563622807,
    "buddhist": 0.1301123568138212,
    "latin_american": 0.2031669729135568,
    "african": 0.11190680844697372,
    "indigenous": 0.12136552682823584,
    "oceanian": 0.09774761978043604
  },
  "data_quality": {
    "iw_coverage": "missing",
    "hofstede_coverage": "missing",
    "low_evidence": true,
    "x_viz_provenance": "imputed_pew",
    "x_score_provenance": "imputed_governance",
    "x_score_sigma_prior": [
      12.89482013219045,
      16.654266762366433,
      17.276090153261453,
      19.840361952573588,
      23.703391973204358,
      22.027751828622787
    ],
    "fallback_civilization_id": "western",
    "pew_to_iw_model": {
      "training_n": 93,
      "rmse_ts": 0.4826353981600494,
      "rmse_se": 0.647842466967669
    },
    "governance_to_hofstede_model": {
      "training_n": 63,
      "rmse_per_dimension": {
        "pdi": 12.89482013219045,
        "idv": 16.654266762366433,
        "mas": 17.276090153261453,
        "uai": 19.840361952573588,
        "lto": 23.703391973204358,
        "ivr": 22.027751828622787
      }
    }
  },
  "source_refs": [
    "pew_religious_composition_2020",
    "wgi_2022",
    "fsi_2024"
  ],
  "curated_civilization": "western",
  "curated_role": "core",
  "curated_civilizations_competing": null,
  "sub_cluster_id": null,
  "sub_cluster_label": null
}