{
  "iso3": "ITA",
  "label": null,
  "x_viz": [
    0.4,
    0.85
  ],
  "x_viz_ellipse": {
    "sigma": [
      [
        0.0225,
        0.0
      ],
      [
        0.0,
        0.0225
      ]
    ],
    "confidence_level": 0.8
  },
  "x_score": [
    50.0,
    76.0,
    70.0,
    75.0,
    61.0,
    30.0
  ],
  "affinity_vector": {
    "western": 0.17956034020498277,
    "orthodox": 0.06778093498061669,
    "islamic": 0.08300235532881543,
    "sinic": 0.04774068474017176,
    "hindic": 0.1350068052373492,
    "japanese": 0.158720731825092,
    "buddhist": 0.05854816327075091,
    "latin_american": 0.04205827349497557,
    "african": 0.06640961157797276,
    "indigenous": 0.04000630350831275,
    "oceanian": 0.12116579583096028
  },
  "data_quality": {
    "iw_coverage": "present",
    "hofstede_coverage": "present",
    "low_evidence": false
  },
  "source_refs": [
    "wvs_wave7_2022",
    "hofstede_2010"
  ],
  "curated_civilization": "western",
  "curated_role": "core",
  "curated_civilizations_competing": null,
  "sub_cluster_id": "catholic_europe",
  "sub_cluster_label": "Catholic Europe"
}