{
  "iso3": "ITA",
  "label": null,
  "x_viz": [
    0.4,
    0.85
  ],
  "x_viz_ellipse": {
    "sigma": [
      [
        0.0225,
        0.0
      ],
      [
        0.0,
        0.0225
      ]
    ],
    "confidence_level": 0.8,
    "source": "wvs_wave7_official"
  },
  "x_score": [
    50.0,
    76.0,
    70.0,
    75.0,
    61.0,
    30.0
  ],
  "affinity_vector": {
    "western": 0.17956034020498277,
    "orthodox": 0.06778093498061669,
    "islamic": 0.08300235532881543,
    "sinic": 0.04774068474017176,
    "hindic": 0.1350068052373492,
    "japanese": 0.158720731825092,
    "buddhist": 0.05854816327075091,
    "latin_american": 0.04205827349497557,
    "african": 0.06640961157797276,
    "indigenous": 0.04000630350831275,
    "oceanian": 0.12116579583096028
  },
  "data_quality": {
    "iw_coverage": "present",
    "hofstede_coverage": "present",
    "low_evidence": false,
    "x_viz_provenance": "observed",
    "x_score_provenance": "observed",
    "x_score_sigma_prior": null,
    "fallback_civilization_id": "western",
    "pew_to_iw_model": {
      "training_n": 93,
      "rmse_ts": 0.4826353981600494,
      "rmse_se": 0.647842466967669
    },
    "governance_to_hofstede_model": {
      "training_n": 63,
      "rmse_per_dimension": {
        "pdi": 12.89482013219045,
        "idv": 16.654266762366433,
        "mas": 17.276090153261453,
        "uai": 19.840361952573588,
        "lto": 23.703391973204358,
        "ivr": 22.027751828622787
      }
    }
  },
  "source_refs": [
    "wvs_wave7_2022",
    "hofstede_2010"
  ],
  "curated_civilization": "western",
  "curated_role": "core",
  "curated_civilizations_competing": null,
  "sub_cluster_id": "catholic_europe",
  "sub_cluster_label": "Catholic Europe"
}