{
  "iso3": "JAM",
  "label": null,
  "x_viz": [
    -0.4800886228801957,
    0.3927198800862026
  ],
  "x_viz_ellipse": {
    "sigma": [
      [
        0.23293692755710943,
        0.0
      ],
      [
        0.0,
        0.4196998620067553
      ]
    ],
    "confidence_level": 0.8,
    "source": "imputed_pew"
  },
  "x_score": [
    63.794218036454225,
    31.207365728149043,
    51.40114171244056,
    62.565403001884526,
    30.394093489755313,
    63.50618729250155
  ],
  "affinity_vector": {
    "western": 0.037198970172216676,
    "orthodox": 0.01935175421247085,
    "islamic": 0.09691560328598263,
    "sinic": 0.0256803211515622,
    "hindic": 0.03904574909592405,
    "japanese": 0.008818481550942685,
    "buddhist": 0.11449187821309476,
    "latin_american": 0.15206920017965833,
    "african": 0.288358228217448,
    "indigenous": 0.07263633281748927,
    "oceanian": 0.14543348110321053
  },
  "data_quality": {
    "iw_coverage": "missing",
    "hofstede_coverage": "missing",
    "low_evidence": true,
    "x_viz_provenance": "imputed_pew",
    "x_score_provenance": "imputed_governance",
    "x_score_sigma_prior": [
      12.89482013219045,
      16.654266762366433,
      17.276090153261453,
      19.840361952573588,
      23.703391973204358,
      22.027751828622787
    ],
    "fallback_civilization_id": "western",
    "pew_to_iw_model": {
      "training_n": 93,
      "rmse_ts": 0.4826353981600494,
      "rmse_se": 0.647842466967669
    },
    "governance_to_hofstede_model": {
      "training_n": 63,
      "rmse_per_dimension": {
        "pdi": 12.89482013219045,
        "idv": 16.654266762366433,
        "mas": 17.276090153261453,
        "uai": 19.840361952573588,
        "lto": 23.703391973204358,
        "ivr": 22.027751828622787
      }
    }
  },
  "source_refs": [
    "pew_religious_composition_2020",
    "wgi_2022",
    "fsi_2024"
  ],
  "curated_civilization": "western",
  "curated_role": "periphery",
  "curated_civilizations_competing": null,
  "sub_cluster_id": null,
  "sub_cluster_label": null
}