{
  "iso3": "JOR",
  "label": null,
  "x_viz": [
    -1.3,
    -1.05
  ],
  "x_viz_ellipse": {
    "sigma": [
      [
        0.04000000000000001,
        0.0
      ],
      [
        0.0,
        0.04000000000000001
      ]
    ],
    "confidence_level": 0.8,
    "source": "wvs_wave7_official"
  },
  "x_score": [
    70.0,
    30.0,
    45.0,
    65.0,
    16.0,
    43.0
  ],
  "affinity_vector": {
    "western": 0.02923792110465196,
    "orthodox": 0.03169400795393265,
    "islamic": 0.2526349179107335,
    "sinic": 0.02591637782840426,
    "hindic": 0.05880536560615265,
    "japanese": 0.006793701256514253,
    "buddhist": 0.1641082589900779,
    "latin_american": 0.11960246493203061,
    "african": 0.1546135903412628,
    "indigenous": 0.06869517386550408,
    "oceanian": 0.08789822021073533
  },
  "data_quality": {
    "iw_coverage": "present",
    "hofstede_coverage": "present",
    "low_evidence": false,
    "x_viz_provenance": "observed",
    "x_score_provenance": "observed",
    "x_score_sigma_prior": null,
    "fallback_civilization_id": "islamic",
    "pew_to_iw_model": {
      "training_n": 93,
      "rmse_ts": 0.4826353981600494,
      "rmse_se": 0.647842466967669
    },
    "governance_to_hofstede_model": {
      "training_n": 63,
      "rmse_per_dimension": {
        "pdi": 12.89482013219045,
        "idv": 16.654266762366433,
        "mas": 17.276090153261453,
        "uai": 19.840361952573588,
        "lto": 23.703391973204358,
        "ivr": 22.027751828622787
      }
    }
  },
  "source_refs": [
    "wvs_wave7_2022",
    "hofstede_2010"
  ],
  "curated_civilization": "islamic",
  "curated_role": "core",
  "curated_civilizations_competing": null,
  "sub_cluster_id": "arab_islamic",
  "sub_cluster_label": "Islam arabe"
}