{
  "iso3": "KEN",
  "label": null,
  "x_viz": [
    -1.55,
    -0.65
  ],
  "x_viz_ellipse": {
    "sigma": [
      [
        0.0484,
        0.0
      ],
      [
        0.0,
        0.0484
      ]
    ],
    "confidence_level": 0.8,
    "source": "wvs_wave7_official"
  },
  "x_score": [
    70.0,
    25.0,
    60.0,
    50.0,
    51.25,
    51.25
  ],
  "affinity_vector": {
    "western": 0.027762401249690427,
    "orthodox": 0.02924540307144445,
    "islamic": 0.11175089319293739,
    "sinic": 0.10913967220205709,
    "hindic": 0.09871399018447756,
    "japanese": 0.017087503674367725,
    "buddhist": 0.13055745281979,
    "latin_american": 0.057908797725995866,
    "african": 0.20928327892575638,
    "indigenous": 0.09632861247030154,
    "oceanian": 0.11222199448318163
  },
  "data_quality": {
    "iw_coverage": "present",
    "hofstede_coverage": "missing",
    "low_evidence": true,
    "x_viz_provenance": "observed",
    "x_score_provenance": "observed_with_dim_imputation",
    "x_score_sigma_prior": null,
    "fallback_civilization_id": "african",
    "pew_to_iw_model": {
      "training_n": 93,
      "rmse_ts": 0.4826353981600494,
      "rmse_se": 0.647842466967669
    },
    "governance_to_hofstede_model": {
      "training_n": 63,
      "rmse_per_dimension": {
        "pdi": 12.89482013219045,
        "idv": 16.654266762366433,
        "mas": 17.276090153261453,
        "uai": 19.840361952573588,
        "lto": 23.703391973204358,
        "ivr": 22.027751828622787
      }
    }
  },
  "source_refs": [
    "wvs_wave7_2022",
    "hofstede_2010"
  ],
  "curated_civilization": "african",
  "curated_role": "core",
  "curated_civilizations_competing": null,
  "sub_cluster_id": "east_africa",
  "sub_cluster_label": "Afrique de l'Est"
}