{
  "iso3": "KIR",
  "label": null,
  "x_viz": [
    -1.1988192313438386,
    -0.2896833041882605
  ],
  "x_viz_ellipse": {
    "sigma": [
      [
        0.23293692755710943,
        0.0
      ],
      [
        0.0,
        0.4196998620067553
      ]
    ],
    "confidence_level": 0.8,
    "source": "imputed_pew"
  },
  "x_score": [
    63.610717946108174,
    28.975360232528438,
    49.27485623335648,
    50.530305491866834,
    33.70901443364828,
    49.73999554961627
  ],
  "affinity_vector": {
    "western": 0.037530811676819854,
    "orthodox": 0.02204306710770925,
    "islamic": 0.143679803024403,
    "sinic": 0.05263781858591864,
    "hindic": 0.07966546974327521,
    "japanese": 0.00824761833336451,
    "buddhist": 0.12726557315006234,
    "latin_american": 0.07136702307441885,
    "african": 0.23473559634893312,
    "indigenous": 0.0642085385693835,
    "oceanian": 0.15861868038571175
  },
  "data_quality": {
    "iw_coverage": "missing",
    "hofstede_coverage": "missing",
    "low_evidence": true,
    "x_viz_provenance": "imputed_pew",
    "x_score_provenance": "imputed_governance",
    "x_score_sigma_prior": [
      12.89482013219045,
      16.654266762366433,
      17.276090153261453,
      19.840361952573588,
      23.703391973204358,
      22.027751828622787
    ],
    "fallback_civilization_id": "oceanian",
    "pew_to_iw_model": {
      "training_n": 93,
      "rmse_ts": 0.4826353981600494,
      "rmse_se": 0.647842466967669
    },
    "governance_to_hofstede_model": {
      "training_n": 63,
      "rmse_per_dimension": {
        "pdi": 12.89482013219045,
        "idv": 16.654266762366433,
        "mas": 17.276090153261453,
        "uai": 19.840361952573588,
        "lto": 23.703391973204358,
        "ivr": 22.027751828622787
      }
    }
  },
  "source_refs": [
    "pew_religious_composition_2020",
    "wgi_2022",
    "fsi_2024"
  ],
  "curated_civilization": "oceanian",
  "curated_role": "core",
  "curated_civilizations_competing": null,
  "sub_cluster_id": null,
  "sub_cluster_label": null
}