{
  "iso3": "KNA",
  "label": null,
  "x_viz": [
    -0.5303878342961594,
    0.18164237608216505
  ],
  "x_viz_ellipse": {
    "sigma": [
      [
        0.23293692755710943,
        0.0
      ],
      [
        0.0,
        0.4196998620067553
      ]
    ],
    "confidence_level": 0.8,
    "source": "imputed_pew"
  },
  "x_score": [
    69.39373237516024,
    30.81726071612435,
    47.32805064431899,
    64.97646524189562,
    36.54513015701221,
    53.94284741495298
  ],
  "affinity_vector": {
    "western": 0.029736167951124565,
    "orthodox": 0.0315746539908655,
    "islamic": 0.14368794408106453,
    "sinic": 0.03259185617143646,
    "hindic": 0.05087937689137814,
    "japanese": 0.009324207057560593,
    "buddhist": 0.1826522857569604,
    "latin_american": 0.11845380145551708,
    "african": 0.2047105155286013,
    "indigenous": 0.09387641688399942,
    "oceanian": 0.102512774231492
  },
  "data_quality": {
    "iw_coverage": "missing",
    "hofstede_coverage": "missing",
    "low_evidence": true,
    "x_viz_provenance": "imputed_pew",
    "x_score_provenance": "imputed_governance",
    "x_score_sigma_prior": [
      12.89482013219045,
      16.654266762366433,
      17.276090153261453,
      19.840361952573588,
      23.703391973204358,
      22.027751828622787
    ],
    "fallback_civilization_id": "western",
    "pew_to_iw_model": {
      "training_n": 93,
      "rmse_ts": 0.4826353981600494,
      "rmse_se": 0.647842466967669
    },
    "governance_to_hofstede_model": {
      "training_n": 63,
      "rmse_per_dimension": {
        "pdi": 12.89482013219045,
        "idv": 16.654266762366433,
        "mas": 17.276090153261453,
        "uai": 19.840361952573588,
        "lto": 23.703391973204358,
        "ivr": 22.027751828622787
      }
    }
  },
  "source_refs": [
    "pew_religious_composition_2020",
    "wgi_2022",
    "fsi_2024"
  ],
  "curated_civilization": "western",
  "curated_role": "periphery",
  "curated_civilizations_competing": null,
  "sub_cluster_id": null,
  "sub_cluster_label": null
}