{
  "iso3": "KOR",
  "label": null,
  "x_viz": [
    1.65,
    0.55
  ],
  "x_viz_ellipse": {
    "sigma": [
      [
        0.0225,
        0.0
      ],
      [
        0.0,
        0.0225
      ]
    ],
    "confidence_level": 0.8,
    "source": "wvs_wave7_official"
  },
  "x_score": [
    60.0,
    18.0,
    39.0,
    85.0,
    100.0,
    29.0
  ],
  "affinity_vector": {
    "western": 0.024728128261900444,
    "orthodox": 0.27708252044106574,
    "islamic": 0.06403558296673467,
    "sinic": 0.12305537845535228,
    "hindic": 0.05377550414615436,
    "japanese": 0.09407056615563661,
    "buddhist": 0.10315183471390733,
    "latin_american": 0.038155640999588125,
    "african": 0.03915663755598492,
    "indigenous": 0.14504060164855503,
    "oceanian": 0.03774760465512046
  },
  "data_quality": {
    "iw_coverage": "present",
    "hofstede_coverage": "present",
    "low_evidence": false,
    "x_viz_provenance": "observed",
    "x_score_provenance": "observed",
    "x_score_sigma_prior": null,
    "fallback_civilization_id": "sinic",
    "pew_to_iw_model": {
      "training_n": 93,
      "rmse_ts": 0.4826353981600494,
      "rmse_se": 0.647842466967669
    },
    "governance_to_hofstede_model": {
      "training_n": 63,
      "rmse_per_dimension": {
        "pdi": 12.89482013219045,
        "idv": 16.654266762366433,
        "mas": 17.276090153261453,
        "uai": 19.840361952573588,
        "lto": 23.703391973204358,
        "ivr": 22.027751828622787
      }
    }
  },
  "source_refs": [
    "wvs_wave7_2022",
    "hofstede_2010"
  ],
  "curated_civilization": null,
  "curated_role": "ambiguous",
  "curated_civilizations_competing": [
    "sinic",
    "buddhist",
    "japanese"
  ],
  "sub_cluster_id": "mahayana",
  "sub_cluster_label": "Mahayana"
}