{
  "iso3": "KWT",
  "label": null,
  "x_viz": [
    -1.0366483134371047,
    0.061559749258004115
  ],
  "x_viz_ellipse": {
    "sigma": [
      [
        0.14149611837262427,
        0.0
      ],
      [
        0.0,
        0.29336848480021727
      ]
    ],
    "confidence_level": 0.8,
    "source": "wvs_wave6_predicted_from_items"
  },
  "x_score": [
    81.48035782212096,
    25.199645091896247,
    48.95186658561919,
    59.85994276533267,
    47.680065106328044,
    33.13334635758916
  ],
  "affinity_vector": {
    "western": 0.015885002829102584,
    "orthodox": 0.06549398162078188,
    "islamic": 0.22463703545030933,
    "sinic": 0.07639157409079635,
    "hindic": 0.109566340858979,
    "japanese": 0.011312568358701921,
    "buddhist": 0.21317328430161633,
    "latin_american": 0.045042577223008036,
    "african": 0.09104984639078341,
    "indigenous": 0.09999733870742276,
    "oceanian": 0.0474504501684984
  },
  "data_quality": {
    "iw_coverage": "present",
    "hofstede_coverage": "missing",
    "low_evidence": true,
    "x_viz_provenance": "imputed_wvs_items",
    "x_score_provenance": "imputed_governance",
    "x_score_sigma_prior": [
      12.89482013219045,
      16.654266762366433,
      17.276090153261453,
      19.840361952573588,
      23.703391973204358,
      22.027751828622787
    ],
    "fallback_civilization_id": "islamic",
    "pew_to_iw_model": {
      "training_n": 93,
      "rmse_ts": 0.4826353981600494,
      "rmse_se": 0.647842466967669
    },
    "governance_to_hofstede_model": {
      "training_n": 63,
      "rmse_per_dimension": {
        "pdi": 12.89482013219045,
        "idv": 16.654266762366433,
        "mas": 17.276090153261453,
        "uai": 19.840361952573588,
        "lto": 23.703391973204358,
        "ivr": 22.027751828622787
      }
    }
  },
  "source_refs": [
    "wgi_2022",
    "fsi_2024"
  ],
  "curated_civilization": "islamic",
  "curated_role": "core",
  "curated_civilizations_competing": null,
  "sub_cluster_id": null,
  "sub_cluster_label": null
}