{
  "iso3": "LAO",
  "label": null,
  "x_viz": [
    -0.6014431410632943,
    -0.4625451462457595
  ],
  "x_viz_ellipse": {
    "sigma": [
      [
        0.23293692755710943,
        0.0
      ],
      [
        0.0,
        0.4196998620067553
      ]
    ],
    "confidence_level": 0.8,
    "source": "imputed_pew"
  },
  "x_score": [
    66.04116481388823,
    28.082351286972006,
    47.85031497952098,
    32.61825758384729,
    39.78197942859795,
    30.99377781922065
  ],
  "affinity_vector": {
    "western": 0.03592018329045503,
    "orthodox": 0.02597298142405883,
    "islamic": 0.14586738987671824,
    "sinic": 0.15337416271810472,
    "hindic": 0.22338570262945256,
    "japanese": 0.00866740986834326,
    "buddhist": 0.09750271536948003,
    "latin_american": 0.03179865589391827,
    "african": 0.11840089066766284,
    "indigenous": 0.04689493141712572,
    "oceanian": 0.11221497684468046
  },
  "data_quality": {
    "iw_coverage": "missing",
    "hofstede_coverage": "missing",
    "low_evidence": true,
    "x_viz_provenance": "imputed_pew",
    "x_score_provenance": "imputed_governance",
    "x_score_sigma_prior": [
      12.89482013219045,
      16.654266762366433,
      17.276090153261453,
      19.840361952573588,
      23.703391973204358,
      22.027751828622787
    ],
    "fallback_civilization_id": "buddhist",
    "pew_to_iw_model": {
      "training_n": 93,
      "rmse_ts": 0.4826353981600494,
      "rmse_se": 0.647842466967669
    },
    "governance_to_hofstede_model": {
      "training_n": 63,
      "rmse_per_dimension": {
        "pdi": 12.89482013219045,
        "idv": 16.654266762366433,
        "mas": 17.276090153261453,
        "uai": 19.840361952573588,
        "lto": 23.703391973204358,
        "ivr": 22.027751828622787
      }
    }
  },
  "source_refs": [
    "pew_religious_composition_2020",
    "wgi_2022",
    "fsi_2024"
  ],
  "curated_civilization": "buddhist",
  "curated_role": "core",
  "curated_civilizations_competing": null,
  "sub_cluster_id": "theravada",
  "sub_cluster_label": "Theravada"
}