{
  "iso3": "LBY",
  "label": null,
  "x_viz": [
    -1.5868268081425625,
    -0.7945249628286569
  ],
  "x_viz_ellipse": {
    "sigma": [
      [
        0.14149611837262427,
        0.0
      ],
      [
        0.0,
        0.29336848480021727
      ]
    ],
    "confidence_level": 0.8,
    "source": "wvs_wave7_predicted_from_items"
  },
  "x_score": [
    72.4982435442041,
    29.833518707140776,
    43.05513686966283,
    45.63569279610588,
    48.207007767137455,
    24.12478770154704
  ],
  "affinity_vector": {
    "western": 0.026823943148889716,
    "orthodox": 0.05043336322199572,
    "islamic": 0.17729004680564645,
    "sinic": 0.14456969280731838,
    "hindic": 0.22929553160403052,
    "japanese": 0.010291375330957378,
    "buddhist": 0.12471384456660403,
    "latin_american": 0.029635622882773733,
    "african": 0.08054354074231287,
    "indigenous": 0.05774853786389636,
    "oceanian": 0.06865450102557466
  },
  "data_quality": {
    "iw_coverage": "present",
    "hofstede_coverage": "missing",
    "low_evidence": true,
    "x_viz_provenance": "imputed_wvs_items",
    "x_score_provenance": "imputed_governance",
    "x_score_sigma_prior": [
      12.89482013219045,
      16.654266762366433,
      17.276090153261453,
      19.840361952573588,
      23.703391973204358,
      22.027751828622787
    ],
    "fallback_civilization_id": "islamic",
    "pew_to_iw_model": {
      "training_n": 93,
      "rmse_ts": 0.4826353981600494,
      "rmse_se": 0.647842466967669
    },
    "governance_to_hofstede_model": {
      "training_n": 63,
      "rmse_per_dimension": {
        "pdi": 12.89482013219045,
        "idv": 16.654266762366433,
        "mas": 17.276090153261453,
        "uai": 19.840361952573588,
        "lto": 23.703391973204358,
        "ivr": 22.027751828622787
      }
    }
  },
  "source_refs": [
    "wgi_2022",
    "fsi_2024"
  ],
  "curated_civilization": "islamic",
  "curated_role": "core",
  "curated_civilizations_competing": null,
  "sub_cluster_id": null,
  "sub_cluster_label": null
}