{
  "iso3": "LIE",
  "label": null,
  "x_viz": [
    0.17587608377629538,
    0.5554961869842057
  ],
  "x_viz_ellipse": {
    "sigma": [
      [
        0.23293692755710943,
        0.0
      ],
      [
        0.0,
        0.4196998620067553
      ]
    ],
    "confidence_level": 0.8,
    "source": "imputed_pew"
  },
  "x_score": [
    75.98603102405488,
    41.087689234130906,
    46.898142616477166,
    82.16342673524252,
    56.3615636304331,
    43.997333364671256
  ],
  "affinity_vector": {
    "western": 0.033524707957795066,
    "orthodox": 0.1532853078153899,
    "islamic": 0.13028526858745262,
    "sinic": 0.04034929276739975,
    "hindic": 0.06576365292890315,
    "japanese": 0.03095119229261925,
    "buddhist": 0.1827943883609663,
    "latin_american": 0.0867151411554193,
    "african": 0.08350483383229991,
    "indigenous": 0.13222988104421296,
    "oceanian": 0.0605963332575419
  },
  "data_quality": {
    "iw_coverage": "missing",
    "hofstede_coverage": "missing",
    "low_evidence": true,
    "x_viz_provenance": "imputed_pew",
    "x_score_provenance": "imputed_governance",
    "x_score_sigma_prior": [
      12.89482013219045,
      16.654266762366433,
      17.276090153261453,
      19.840361952573588,
      23.703391973204358,
      22.027751828622787
    ],
    "fallback_civilization_id": "western",
    "pew_to_iw_model": {
      "training_n": 93,
      "rmse_ts": 0.4826353981600494,
      "rmse_se": 0.647842466967669
    },
    "governance_to_hofstede_model": {
      "training_n": 63,
      "rmse_per_dimension": {
        "pdi": 12.89482013219045,
        "idv": 16.654266762366433,
        "mas": 17.276090153261453,
        "uai": 19.840361952573588,
        "lto": 23.703391973204358,
        "ivr": 22.027751828622787
      }
    }
  },
  "source_refs": [
    "pew_religious_composition_2020",
    "wgi_2022",
    "fsi_2024"
  ],
  "curated_civilization": "western",
  "curated_role": "core",
  "curated_civilizations_competing": null,
  "sub_cluster_id": null,
  "sub_cluster_label": null
}