{
  "iso3": "LSO",
  "label": null,
  "x_viz": [
    -1.399651369906817,
    -0.1677237895847965
  ],
  "x_viz_ellipse": {
    "sigma": [
      [
        0.23293692755710943,
        0.0
      ],
      [
        0.0,
        0.4196998620067553
      ]
    ],
    "confidence_level": 0.8,
    "source": "imputed_pew"
  },
  "x_score": [
    59.101979217653174,
    29.34742216452448,
    53.13224891092645,
    47.2345832901478,
    22.07932776586231,
    55.762024215741164
  ],
  "affinity_vector": {
    "western": 0.046028811553016406,
    "orthodox": 0.015420036802509803,
    "islamic": 0.1191651857344714,
    "sinic": 0.03881996342648948,
    "hindic": 0.06451680190778168,
    "japanese": 0.007439574741351608,
    "buddhist": 0.09617872772648373,
    "latin_american": 0.08757652512846736,
    "african": 0.2719738994766976,
    "indigenous": 0.0518621797906141,
    "oceanian": 0.20101829371211688
  },
  "data_quality": {
    "iw_coverage": "missing",
    "hofstede_coverage": "missing",
    "low_evidence": true,
    "x_viz_provenance": "imputed_pew",
    "x_score_provenance": "imputed_governance",
    "x_score_sigma_prior": [
      12.89482013219045,
      16.654266762366433,
      17.276090153261453,
      19.840361952573588,
      23.703391973204358,
      22.027751828622787
    ],
    "fallback_civilization_id": "african",
    "pew_to_iw_model": {
      "training_n": 93,
      "rmse_ts": 0.4826353981600494,
      "rmse_se": 0.647842466967669
    },
    "governance_to_hofstede_model": {
      "training_n": 63,
      "rmse_per_dimension": {
        "pdi": 12.89482013219045,
        "idv": 16.654266762366433,
        "mas": 17.276090153261453,
        "uai": 19.840361952573588,
        "lto": 23.703391973204358,
        "ivr": 22.027751828622787
      }
    }
  },
  "source_refs": [
    "pew_religious_composition_2020",
    "wgi_2022",
    "fsi_2024"
  ],
  "curated_civilization": "african",
  "curated_role": "core",
  "curated_civilizations_competing": null,
  "sub_cluster_id": null,
  "sub_cluster_label": null
}