{
  "iso3": "LUX",
  "label": null,
  "x_viz": [
    0.6127536959406823,
    0.9962014339990328
  ],
  "x_viz_ellipse": {
    "sigma": [
      [
        0.23293692755710943,
        0.0
      ],
      [
        0.0,
        0.4196998620067553
      ]
    ],
    "confidence_level": 0.8,
    "source": "imputed_pew"
  },
  "x_score": [
    69.5467526298083,
    45.534213466122104,
    48.87322909592645,
    92.798688200107,
    55.3777208967827,
    55.52351283583058
  ],
  "affinity_vector": {
    "western": 0.050565036449450415,
    "orthodox": 0.12514863976801838,
    "islamic": 0.09783528177201815,
    "sinic": 0.02875603954808442,
    "hindic": 0.04526864381946453,
    "japanese": 0.04861467670554756,
    "buddhist": 0.1462921191932303,
    "latin_american": 0.15071491420474417,
    "african": 0.09278685795550688,
    "indigenous": 0.13818188348180538,
    "oceanian": 0.07583590710212976
  },
  "data_quality": {
    "iw_coverage": "missing",
    "hofstede_coverage": "missing",
    "low_evidence": true,
    "x_viz_provenance": "imputed_pew",
    "x_score_provenance": "imputed_governance",
    "x_score_sigma_prior": [
      12.89482013219045,
      16.654266762366433,
      17.276090153261453,
      19.840361952573588,
      23.703391973204358,
      22.027751828622787
    ],
    "fallback_civilization_id": "western",
    "pew_to_iw_model": {
      "training_n": 93,
      "rmse_ts": 0.4826353981600494,
      "rmse_se": 0.647842466967669
    },
    "governance_to_hofstede_model": {
      "training_n": 63,
      "rmse_per_dimension": {
        "pdi": 12.89482013219045,
        "idv": 16.654266762366433,
        "mas": 17.276090153261453,
        "uai": 19.840361952573588,
        "lto": 23.703391973204358,
        "ivr": 22.027751828622787
      }
    }
  },
  "source_refs": [
    "pew_religious_composition_2020",
    "wgi_2022",
    "fsi_2024"
  ],
  "curated_civilization": "western",
  "curated_role": "core",
  "curated_civilizations_competing": null,
  "sub_cluster_id": null,
  "sub_cluster_label": null
}