{
  "iso3": "LVA",
  "label": null,
  "x_viz": [
    0.3559047136124429,
    0.8633239115202991
  ],
  "x_viz_ellipse": {
    "sigma": [
      [
        0.23293692755710943,
        0.0
      ],
      [
        0.0,
        0.4196998620067553
      ]
    ],
    "confidence_level": 0.8,
    "source": "imputed_pew"
  },
  "x_score": [
    60.77855757668392,
    49.12028549376439,
    50.394334311242815,
    86.86966581754328,
    47.939115942997944,
    60.386516992803905
  ],
  "affinity_vector": {
    "western": 0.0845227265018043,
    "orthodox": 0.06757591480803883,
    "islamic": 0.09329157347093507,
    "sinic": 0.026275028044402415,
    "hindic": 0.045781731012158135,
    "japanese": 0.04007661438842857,
    "buddhist": 0.12186934118904957,
    "latin_american": 0.17462135780660193,
    "african": 0.12051694229186122,
    "indigenous": 0.10167819930402204,
    "oceanian": 0.12379057118269783
  },
  "data_quality": {
    "iw_coverage": "missing",
    "hofstede_coverage": "missing",
    "low_evidence": true,
    "x_viz_provenance": "imputed_pew",
    "x_score_provenance": "imputed_governance",
    "x_score_sigma_prior": [
      12.89482013219045,
      16.654266762366433,
      17.276090153261453,
      19.840361952573588,
      23.703391973204358,
      22.027751828622787
    ],
    "fallback_civilization_id": "western",
    "pew_to_iw_model": {
      "training_n": 93,
      "rmse_ts": 0.4826353981600494,
      "rmse_se": 0.647842466967669
    },
    "governance_to_hofstede_model": {
      "training_n": 63,
      "rmse_per_dimension": {
        "pdi": 12.89482013219045,
        "idv": 16.654266762366433,
        "mas": 17.276090153261453,
        "uai": 19.840361952573588,
        "lto": 23.703391973204358,
        "ivr": 22.027751828622787
      }
    }
  },
  "source_refs": [
    "pew_religious_composition_2020",
    "wgi_2022",
    "fsi_2024"
  ],
  "curated_civilization": "western",
  "curated_role": "periphery",
  "curated_civilizations_competing": null,
  "sub_cluster_id": null,
  "sub_cluster_label": null
}