{
  "iso3": "MCO",
  "label": null,
  "x_viz": [
    -0.06313943011867895,
    0.3383135901712446
  ],
  "x_viz_ellipse": {
    "sigma": [
      [
        0.23293692755710943,
        0.0
      ],
      [
        0.0,
        0.4196998620067553
      ]
    ],
    "confidence_level": 0.8,
    "source": "imputed_pew"
  },
  "x_score": [
    54.6811909877259,
    48.67053919768867,
    50.13733310713896,
    70.52259036308575,
    40.60837724788669,
    50.93593579659128
  ],
  "affinity_vector": {
    "western": 0.11122457307175575,
    "orthodox": 0.03955090094171215,
    "islamic": 0.11383813919444653,
    "sinic": 0.03241993180120435,
    "hindic": 0.06858861160964792,
    "japanese": 0.02227747182950318,
    "buddhist": 0.10449122933337136,
    "latin_american": 0.0995042304228453,
    "african": 0.13884505820070484,
    "indigenous": 0.06214896727555304,
    "oceanian": 0.2071108863192556
  },
  "data_quality": {
    "iw_coverage": "missing",
    "hofstede_coverage": "missing",
    "low_evidence": true,
    "x_viz_provenance": "imputed_pew",
    "x_score_provenance": "imputed_governance",
    "x_score_sigma_prior": [
      12.89482013219045,
      16.654266762366433,
      17.276090153261453,
      19.840361952573588,
      23.703391973204358,
      22.027751828622787
    ],
    "fallback_civilization_id": "western",
    "pew_to_iw_model": {
      "training_n": 93,
      "rmse_ts": 0.4826353981600494,
      "rmse_se": 0.647842466967669
    },
    "governance_to_hofstede_model": {
      "training_n": 63,
      "rmse_per_dimension": {
        "pdi": 12.89482013219045,
        "idv": 16.654266762366433,
        "mas": 17.276090153261453,
        "uai": 19.840361952573588,
        "lto": 23.703391973204358,
        "ivr": 22.027751828622787
      }
    }
  },
  "source_refs": [
    "pew_religious_composition_2020",
    "wgi_2022",
    "fsi_2024"
  ],
  "curated_civilization": "western",
  "curated_role": "core",
  "curated_civilizations_competing": null,
  "sub_cluster_id": null,
  "sub_cluster_label": null
}