{
  "iso3": "MDA",
  "label": null,
  "x_viz": [
    -0.358013684630744,
    0.19891559463061892
  ],
  "x_viz_ellipse": {
    "sigma": [
      [
        0.23293692755710943,
        0.0
      ],
      [
        0.0,
        0.4196998620067553
      ]
    ],
    "confidence_level": 0.8,
    "source": "imputed_pew"
  },
  "x_score": [
    61.91537744234325,
    40.980656118779116,
    50.67402687877792,
    70.82527562618012,
    47.02418501420993,
    52.44546307345661
  ],
  "affinity_vector": {
    "western": 0.06131385141469044,
    "orthodox": 0.04857235457323697,
    "islamic": 0.12046176184283278,
    "sinic": 0.03965563353006319,
    "hindic": 0.06559425669840892,
    "japanese": 0.02283874720382333,
    "buddhist": 0.14177149573281403,
    "latin_american": 0.10687092347564829,
    "african": 0.15293878095599445,
    "indigenous": 0.09250211460321796,
    "oceanian": 0.1474800799692696
  },
  "data_quality": {
    "iw_coverage": "missing",
    "hofstede_coverage": "missing",
    "low_evidence": true,
    "x_viz_provenance": "imputed_pew",
    "x_score_provenance": "imputed_governance",
    "x_score_sigma_prior": [
      12.89482013219045,
      16.654266762366433,
      17.276090153261453,
      19.840361952573588,
      23.703391973204358,
      22.027751828622787
    ],
    "fallback_civilization_id": "orthodox",
    "pew_to_iw_model": {
      "training_n": 93,
      "rmse_ts": 0.4826353981600494,
      "rmse_se": 0.647842466967669
    },
    "governance_to_hofstede_model": {
      "training_n": 63,
      "rmse_per_dimension": {
        "pdi": 12.89482013219045,
        "idv": 16.654266762366433,
        "mas": 17.276090153261453,
        "uai": 19.840361952573588,
        "lto": 23.703391973204358,
        "ivr": 22.027751828622787
      }
    }
  },
  "source_refs": [
    "pew_religious_composition_2020",
    "wgi_2022",
    "fsi_2024"
  ],
  "curated_civilization": "orthodox",
  "curated_role": "core",
  "curated_civilizations_competing": null,
  "sub_cluster_id": null,
  "sub_cluster_label": null
}