{
  "iso3": "MDG",
  "label": null,
  "x_viz": [
    -1.3468456739707217,
    -0.6161975092943501
  ],
  "x_viz_ellipse": {
    "sigma": [
      [
        0.14149611837262427,
        0.0
      ],
      [
        0.0,
        0.29336848480021727
      ]
    ],
    "confidence_level": 0.8,
    "source": "wvs_wave7_predicted_from_items"
  },
  "x_score": [
    56.94775843909548,
    26.90127761237874,
    51.6913329040868,
    31.568489683282337,
    26.296896794213588,
    40.768674091361845
  ],
  "affinity_vector": {
    "western": 0.050669931778776836,
    "orthodox": 0.01812847863987295,
    "islamic": 0.13995785095227306,
    "sinic": 0.0911602709055628,
    "hindic": 0.13823330922903937,
    "japanese": 0.008188781450927411,
    "buddhist": 0.09211730561969356,
    "latin_american": 0.048311748854656486,
    "african": 0.18083913137648555,
    "indigenous": 0.04609676722254674,
    "oceanian": 0.18629642397016533
  },
  "data_quality": {
    "iw_coverage": "present",
    "hofstede_coverage": "missing",
    "low_evidence": true,
    "x_viz_provenance": "imputed_wvs_items",
    "x_score_provenance": "imputed_governance",
    "x_score_sigma_prior": [
      12.89482013219045,
      16.654266762366433,
      17.276090153261453,
      19.840361952573588,
      23.703391973204358,
      22.027751828622787
    ],
    "fallback_civilization_id": "african",
    "pew_to_iw_model": {
      "training_n": 93,
      "rmse_ts": 0.4826353981600494,
      "rmse_se": 0.647842466967669
    },
    "governance_to_hofstede_model": {
      "training_n": 63,
      "rmse_per_dimension": {
        "pdi": 12.89482013219045,
        "idv": 16.654266762366433,
        "mas": 17.276090153261453,
        "uai": 19.840361952573588,
        "lto": 23.703391973204358,
        "ivr": 22.027751828622787
      }
    }
  },
  "source_refs": [
    "wgi_2022",
    "fsi_2024"
  ],
  "curated_civilization": "african",
  "curated_role": "periphery",
  "curated_civilizations_competing": null,
  "sub_cluster_id": null,
  "sub_cluster_label": null
}