{
  "iso3": "MKD",
  "label": null,
  "x_viz": [
    -0.14906202604509455,
    0.1274117500871519
  ],
  "x_viz_ellipse": {
    "sigma": [
      [
        0.23293692755710943,
        0.0
      ],
      [
        0.0,
        0.4196998620067553
      ]
    ],
    "confidence_level": 0.8,
    "source": "imputed_pew"
  },
  "x_score": [
    62.548420036018776,
    44.326750374047414,
    45.95263811408725,
    73.6106452374124,
    54.83127380418605,
    37.44793085144644
  ],
  "affinity_vector": {
    "western": 0.061934961854269166,
    "orthodox": 0.10779192428784848,
    "islamic": 0.14703385229248295,
    "sinic": 0.05641449402134528,
    "hindic": 0.10103591558848724,
    "japanese": 0.03232897800903309,
    "buddhist": 0.14745475744489323,
    "latin_american": 0.06616359722011844,
    "african": 0.08933117653644829,
    "indigenous": 0.0895396240672622,
    "oceanian": 0.10097071867781164
  },
  "data_quality": {
    "iw_coverage": "missing",
    "hofstede_coverage": "missing",
    "low_evidence": true,
    "x_viz_provenance": "imputed_pew",
    "x_score_provenance": "imputed_governance",
    "x_score_sigma_prior": [
      12.89482013219045,
      16.654266762366433,
      17.276090153261453,
      19.840361952573588,
      23.703391973204358,
      22.027751828622787
    ],
    "fallback_civilization_id": "orthodox",
    "pew_to_iw_model": {
      "training_n": 93,
      "rmse_ts": 0.4826353981600494,
      "rmse_se": 0.647842466967669
    },
    "governance_to_hofstede_model": {
      "training_n": 63,
      "rmse_per_dimension": {
        "pdi": 12.89482013219045,
        "idv": 16.654266762366433,
        "mas": 17.276090153261453,
        "uai": 19.840361952573588,
        "lto": 23.703391973204358,
        "ivr": 22.027751828622787
      }
    }
  },
  "source_refs": [
    "pew_religious_composition_2020",
    "wgi_2022",
    "fsi_2024"
  ],
  "curated_civilization": "orthodox",
  "curated_role": "core",
  "curated_civilizations_competing": null,
  "sub_cluster_id": null,
  "sub_cluster_label": null
}