{
  "iso3": "MMR",
  "label": null,
  "x_viz": [
    -0.5,
    -0.05
  ],
  "x_viz_ellipse": {
    "sigma": [
      [
        0.0484,
        0.0
      ],
      [
        0.0,
        0.0484
      ]
    ],
    "confidence_level": 0.8,
    "source": "wvs_wave7_official"
  },
  "x_score": [
    80.0,
    20.0,
    50.0,
    60.0,
    52.5,
    52.5
  ],
  "affinity_vector": {
    "western": 0.01687805476390782,
    "orthodox": 0.04552680514926555,
    "islamic": 0.11610149138695885,
    "sinic": 0.07396832232442886,
    "hindic": 0.06129157106046294,
    "japanese": 0.012375292797404118,
    "buddhist": 0.22170562486424686,
    "latin_american": 0.0723811678812398,
    "african": 0.14645626875230286,
    "indigenous": 0.17324722285757863,
    "oceanian": 0.06006817816220362
  },
  "data_quality": {
    "iw_coverage": "present",
    "hofstede_coverage": "missing",
    "low_evidence": true,
    "x_viz_provenance": "observed",
    "x_score_provenance": "observed_with_dim_imputation",
    "x_score_sigma_prior": null,
    "fallback_civilization_id": "buddhist",
    "pew_to_iw_model": {
      "training_n": 93,
      "rmse_ts": 0.4826353981600494,
      "rmse_se": 0.647842466967669
    },
    "governance_to_hofstede_model": {
      "training_n": 63,
      "rmse_per_dimension": {
        "pdi": 12.89482013219045,
        "idv": 16.654266762366433,
        "mas": 17.276090153261453,
        "uai": 19.840361952573588,
        "lto": 23.703391973204358,
        "ivr": 22.027751828622787
      }
    }
  },
  "source_refs": [
    "wvs_wave7_2022",
    "hofstede_2010"
  ],
  "curated_civilization": "buddhist",
  "curated_role": "core",
  "curated_civilizations_competing": null,
  "sub_cluster_id": "theravada",
  "sub_cluster_label": "Theravada"
}