{
  "iso3": "MNE",
  "label": null,
  "x_viz": [
    -0.17376277919560446,
    0.21861389728985703
  ],
  "x_viz_ellipse": {
    "sigma": [
      [
        0.23293692755710943,
        0.0
      ],
      [
        0.0,
        0.4196998620067553
      ]
    ],
    "confidence_level": 0.8,
    "source": "imputed_pew"
  },
  "x_score": [
    65.6892073033973,
    44.9716199192099,
    47.65046436084504,
    79.0162867505513,
    51.85132427251565,
    44.096445410277035
  ],
  "affinity_vector": {
    "western": 0.05752684440191828,
    "orthodox": 0.10303095715187414,
    "islamic": 0.13951619349082173,
    "sinic": 0.040709521887114776,
    "hindic": 0.07523997519395732,
    "japanese": 0.03253647990617732,
    "buddhist": 0.15836008381626476,
    "latin_american": 0.09315432239659206,
    "african": 0.10026646522361643,
    "indigenous": 0.10267158457057417,
    "oceanian": 0.09698757196108901
  },
  "data_quality": {
    "iw_coverage": "missing",
    "hofstede_coverage": "missing",
    "low_evidence": true,
    "x_viz_provenance": "imputed_pew",
    "x_score_provenance": "imputed_governance",
    "x_score_sigma_prior": [
      12.89482013219045,
      16.654266762366433,
      17.276090153261453,
      19.840361952573588,
      23.703391973204358,
      22.027751828622787
    ],
    "fallback_civilization_id": "orthodox",
    "pew_to_iw_model": {
      "training_n": 93,
      "rmse_ts": 0.4826353981600494,
      "rmse_se": 0.647842466967669
    },
    "governance_to_hofstede_model": {
      "training_n": 63,
      "rmse_per_dimension": {
        "pdi": 12.89482013219045,
        "idv": 16.654266762366433,
        "mas": 17.276090153261453,
        "uai": 19.840361952573588,
        "lto": 23.703391973204358,
        "ivr": 22.027751828622787
      }
    }
  },
  "source_refs": [
    "pew_religious_composition_2020",
    "wgi_2022",
    "fsi_2024"
  ],
  "curated_civilization": "orthodox",
  "curated_role": "core",
  "curated_civilizations_competing": null,
  "sub_cluster_id": null,
  "sub_cluster_label": null
}