{
  "iso3": "MOZ",
  "label": null,
  "x_viz": [
    -1.2644103959852095,
    -0.5937218860284823
  ],
  "x_viz_ellipse": {
    "sigma": [
      [
        0.23293692755710943,
        0.0
      ],
      [
        0.0,
        0.4196998620067553
      ]
    ],
    "confidence_level": 0.8,
    "source": "imputed_pew"
  },
  "x_score": [
    53.414962733263046,
    26.494559840117834,
    52.366765483726546,
    27.421970335305744,
    26.039242483163697,
    46.37835463524083
  ],
  "affinity_vector": {
    "western": 0.0588208014755907,
    "orthodox": 0.01544020296013749,
    "islamic": 0.11467854911251854,
    "sinic": 0.09181896229314163,
    "hindic": 0.121889412590339,
    "japanese": 0.00822358257072467,
    "buddhist": 0.08220949909266109,
    "latin_american": 0.04951437557419714,
    "african": 0.19298346542663383,
    "indigenous": 0.044098674285621295,
    "oceanian": 0.22032247461843446
  },
  "data_quality": {
    "iw_coverage": "missing",
    "hofstede_coverage": "missing",
    "low_evidence": true,
    "x_viz_provenance": "imputed_pew",
    "x_score_provenance": "imputed_governance",
    "x_score_sigma_prior": [
      12.89482013219045,
      16.654266762366433,
      17.276090153261453,
      19.840361952573588,
      23.703391973204358,
      22.027751828622787
    ],
    "fallback_civilization_id": "african",
    "pew_to_iw_model": {
      "training_n": 93,
      "rmse_ts": 0.4826353981600494,
      "rmse_se": 0.647842466967669
    },
    "governance_to_hofstede_model": {
      "training_n": 63,
      "rmse_per_dimension": {
        "pdi": 12.89482013219045,
        "idv": 16.654266762366433,
        "mas": 17.276090153261453,
        "uai": 19.840361952573588,
        "lto": 23.703391973204358,
        "ivr": 22.027751828622787
      }
    }
  },
  "source_refs": [
    "pew_religious_composition_2020",
    "wgi_2022",
    "fsi_2024"
  ],
  "curated_civilization": "african",
  "curated_role": "core",
  "curated_civilizations_competing": null,
  "sub_cluster_id": null,
  "sub_cluster_label": null
}