{
  "iso3": "MRT",
  "label": null,
  "x_viz": [
    -1.6139598944876454,
    -1.0608323121775207
  ],
  "x_viz_ellipse": {
    "sigma": [
      [
        0.23293692755710943,
        0.0
      ],
      [
        0.0,
        0.4196998620067553
      ]
    ],
    "confidence_level": 0.8,
    "source": "imputed_pew"
  },
  "x_score": [
    73.37931882259677,
    24.276817404060232,
    47.861166959110136,
    34.279806058107006,
    36.22820770940247,
    22.50083040071365
  ],
  "affinity_vector": {
    "western": 0.025422208281293626,
    "orthodox": 0.03258690906822392,
    "islamic": 0.1877689045226725,
    "sinic": 0.14222752524326587,
    "hindic": 0.23380160221684967,
    "japanese": 0.00812814494135275,
    "buddhist": 0.11079161446856786,
    "latin_american": 0.030986328372711664,
    "african": 0.10082382692125452,
    "indigenous": 0.050453307428651284,
    "oceanian": 0.07700962853515646
  },
  "data_quality": {
    "iw_coverage": "missing",
    "hofstede_coverage": "missing",
    "low_evidence": true,
    "x_viz_provenance": "imputed_pew",
    "x_score_provenance": "imputed_governance",
    "x_score_sigma_prior": [
      12.89482013219045,
      16.654266762366433,
      17.276090153261453,
      19.840361952573588,
      23.703391973204358,
      22.027751828622787
    ],
    "fallback_civilization_id": "islamic",
    "pew_to_iw_model": {
      "training_n": 93,
      "rmse_ts": 0.4826353981600494,
      "rmse_se": 0.647842466967669
    },
    "governance_to_hofstede_model": {
      "training_n": 63,
      "rmse_per_dimension": {
        "pdi": 12.89482013219045,
        "idv": 16.654266762366433,
        "mas": 17.276090153261453,
        "uai": 19.840361952573588,
        "lto": 23.703391973204358,
        "ivr": 22.027751828622787
      }
    }
  },
  "source_refs": [
    "pew_religious_composition_2020",
    "wgi_2022",
    "fsi_2024"
  ],
  "curated_civilization": "islamic",
  "curated_role": "core",
  "curated_civilizations_competing": null,
  "sub_cluster_id": null,
  "sub_cluster_label": null
}