{
  "iso3": "MUS",
  "label": null,
  "x_viz": [
    -0.6242560036597642,
    0.39477930591698307
  ],
  "x_viz_ellipse": {
    "sigma": [
      [
        0.23293692755710943,
        0.0
      ],
      [
        0.0,
        0.4196998620067553
      ]
    ],
    "confidence_level": 0.8,
    "source": "imputed_pew"
  },
  "x_score": [
    70.82832003113066,
    31.189684117958876,
    48.64637616699808,
    69.96635757426367,
    34.866178280518184,
    55.54837149225086
  ],
  "affinity_vector": {
    "western": 0.027357756760144066,
    "orthodox": 0.03345433066021916,
    "islamic": 0.13985484779157117,
    "sinic": 0.02622614510159325,
    "hindic": 0.04279098933536498,
    "japanese": 0.009874389974752075,
    "buddhist": 0.18553439685170403,
    "latin_american": 0.1550817804680486,
    "african": 0.18990691684458577,
    "indigenous": 0.10139459173378945,
    "oceanian": 0.08852385447822746
  },
  "data_quality": {
    "iw_coverage": "missing",
    "hofstede_coverage": "missing",
    "low_evidence": true,
    "x_viz_provenance": "imputed_pew",
    "x_score_provenance": "imputed_governance",
    "x_score_sigma_prior": [
      12.89482013219045,
      16.654266762366433,
      17.276090153261453,
      19.840361952573588,
      23.703391973204358,
      22.027751828622787
    ],
    "fallback_civilization_id": "hindic",
    "pew_to_iw_model": {
      "training_n": 93,
      "rmse_ts": 0.4826353981600494,
      "rmse_se": 0.647842466967669
    },
    "governance_to_hofstede_model": {
      "training_n": 63,
      "rmse_per_dimension": {
        "pdi": 12.89482013219045,
        "idv": 16.654266762366433,
        "mas": 17.276090153261453,
        "uai": 19.840361952573588,
        "lto": 23.703391973204358,
        "ivr": 22.027751828622787
      }
    }
  },
  "source_refs": [
    "pew_religious_composition_2020",
    "wgi_2022",
    "fsi_2024"
  ],
  "curated_civilization": "hindic",
  "curated_role": "periphery",
  "curated_civilizations_competing": null,
  "sub_cluster_id": null,
  "sub_cluster_label": null
}