{
  "iso3": "MWI",
  "label": null,
  "x_viz": [
    -1.4897262714246473,
    -0.34222000558331045
  ],
  "x_viz_ellipse": {
    "sigma": [
      [
        0.23293692755710943,
        0.0
      ],
      [
        0.0,
        0.4196998620067553
      ]
    ],
    "confidence_level": 0.8,
    "source": "imputed_pew"
  },
  "x_score": [
    54.946305452004715,
    31.24473312770484,
    53.81468052564062,
    42.219245193851954,
    21.280488949373183,
    48.24576671145037
  ],
  "affinity_vector": {
    "western": 0.05690573618942262,
    "orthodox": 0.01627733213890892,
    "islamic": 0.13341007078778847,
    "sinic": 0.04949448072985316,
    "hindic": 0.09003046955201016,
    "japanese": 0.008236705224562756,
    "buddhist": 0.08992866306710792,
    "latin_american": 0.06798392474435112,
    "african": 0.21867712014632149,
    "indigenous": 0.04558325025590329,
    "oceanian": 0.22347224716377004
  },
  "data_quality": {
    "iw_coverage": "missing",
    "hofstede_coverage": "missing",
    "low_evidence": true,
    "x_viz_provenance": "imputed_pew",
    "x_score_provenance": "imputed_governance",
    "x_score_sigma_prior": [
      12.89482013219045,
      16.654266762366433,
      17.276090153261453,
      19.840361952573588,
      23.703391973204358,
      22.027751828622787
    ],
    "fallback_civilization_id": "african",
    "pew_to_iw_model": {
      "training_n": 93,
      "rmse_ts": 0.4826353981600494,
      "rmse_se": 0.647842466967669
    },
    "governance_to_hofstede_model": {
      "training_n": 63,
      "rmse_per_dimension": {
        "pdi": 12.89482013219045,
        "idv": 16.654266762366433,
        "mas": 17.276090153261453,
        "uai": 19.840361952573588,
        "lto": 23.703391973204358,
        "ivr": 22.027751828622787
      }
    }
  },
  "source_refs": [
    "pew_religious_composition_2020",
    "wgi_2022",
    "fsi_2024"
  ],
  "curated_civilization": "african",
  "curated_role": "core",
  "curated_civilizations_competing": null,
  "sub_cluster_id": null,
  "sub_cluster_label": null
}