{
  "iso3": "MYS",
  "label": null,
  "x_viz": [
    -0.95,
    -0.2
  ],
  "x_viz_ellipse": {
    "sigma": [
      [
        0.04000000000000001,
        0.0
      ],
      [
        0.0,
        0.04000000000000001
      ]
    ],
    "confidence_level": 0.8
  },
  "x_score": [
    100.0,
    26.0,
    50.0,
    36.0,
    41.0,
    57.0
  ],
  "affinity_vector": {
    "western": 0.023405195126896358,
    "orthodox": 0.030588786354824614,
    "islamic": 0.12145343790617055,
    "sinic": 0.10483241920675883,
    "hindic": 0.13052352439102965,
    "japanese": 0.00857892344088528,
    "buddhist": 0.14336083809123978,
    "latin_american": 0.06241444032574128,
    "african": 0.20558126646535607,
    "indigenous": 0.08822949270819068,
    "oceanian": 0.08103167598290689
  },
  "data_quality": {
    "iw_coverage": "present",
    "hofstede_coverage": "present",
    "low_evidence": false
  },
  "source_refs": [
    "wvs_wave7_2022",
    "hofstede_2010"
  ]
}