{
  "iso3": "MYS",
  "label": null,
  "x_viz": [
    -0.95,
    -0.2
  ],
  "x_viz_ellipse": {
    "sigma": [
      [
        0.04000000000000001,
        0.0
      ],
      [
        0.0,
        0.04000000000000001
      ]
    ],
    "confidence_level": 0.8,
    "source": "wvs_wave7_official"
  },
  "x_score": [
    100.0,
    26.0,
    50.0,
    36.0,
    41.0,
    57.0
  ],
  "affinity_vector": {
    "western": 0.023405195126896358,
    "orthodox": 0.030588786354824614,
    "islamic": 0.12145343790617055,
    "sinic": 0.10483241920675883,
    "hindic": 0.13052352439102965,
    "japanese": 0.00857892344088528,
    "buddhist": 0.14336083809123978,
    "latin_american": 0.06241444032574128,
    "african": 0.20558126646535607,
    "indigenous": 0.08822949270819068,
    "oceanian": 0.08103167598290689
  },
  "data_quality": {
    "iw_coverage": "present",
    "hofstede_coverage": "present",
    "low_evidence": false,
    "x_viz_provenance": "observed",
    "x_score_provenance": "observed",
    "x_score_sigma_prior": null,
    "fallback_civilization_id": "islamic",
    "pew_to_iw_model": {
      "training_n": 93,
      "rmse_ts": 0.4826353981600494,
      "rmse_se": 0.647842466967669
    },
    "governance_to_hofstede_model": {
      "training_n": 63,
      "rmse_per_dimension": {
        "pdi": 12.89482013219045,
        "idv": 16.654266762366433,
        "mas": 17.276090153261453,
        "uai": 19.840361952573588,
        "lto": 23.703391973204358,
        "ivr": 22.027751828622787
      }
    }
  },
  "source_refs": [
    "wvs_wave7_2022",
    "hofstede_2010"
  ],
  "curated_civilization": "islamic",
  "curated_role": "core",
  "curated_civilizations_competing": null,
  "sub_cluster_id": "southeast_asian_islamic",
  "sub_cluster_label": "Islam sud-est asiatique"
}