{
  "iso3": "NAM",
  "label": null,
  "x_viz": [
    -0.8719456209710413,
    0.18345195185532726
  ],
  "x_viz_ellipse": {
    "sigma": [
      [
        0.23293692755710943,
        0.0
      ],
      [
        0.0,
        0.4196998620067553
      ]
    ],
    "confidence_level": 0.8,
    "source": "imputed_pew"
  },
  "x_score": [
    64.96939361225138,
    30.067014556729156,
    54.39661222368102,
    60.0068901981139,
    31.95931302908381,
    57.84022957875627
  ],
  "affinity_vector": {
    "western": 0.03233184893399268,
    "orthodox": 0.019988929887692842,
    "islamic": 0.11474725927591502,
    "sinic": 0.03043964961932895,
    "hindic": 0.047619992984863954,
    "japanese": 0.00921458832278892,
    "buddhist": 0.12045655390518303,
    "latin_american": 0.11427037525860817,
    "african": 0.3043505043196565,
    "indigenous": 0.07116255703564908,
    "oceanian": 0.13541774045632105
  },
  "data_quality": {
    "iw_coverage": "missing",
    "hofstede_coverage": "missing",
    "low_evidence": true,
    "x_viz_provenance": "imputed_pew",
    "x_score_provenance": "imputed_governance",
    "x_score_sigma_prior": [
      12.89482013219045,
      16.654266762366433,
      17.276090153261453,
      19.840361952573588,
      23.703391973204358,
      22.027751828622787
    ],
    "fallback_civilization_id": "african",
    "pew_to_iw_model": {
      "training_n": 93,
      "rmse_ts": 0.4826353981600494,
      "rmse_se": 0.647842466967669
    },
    "governance_to_hofstede_model": {
      "training_n": 63,
      "rmse_per_dimension": {
        "pdi": 12.89482013219045,
        "idv": 16.654266762366433,
        "mas": 17.276090153261453,
        "uai": 19.840361952573588,
        "lto": 23.703391973204358,
        "ivr": 22.027751828622787
      }
    }
  },
  "source_refs": [
    "pew_religious_composition_2020",
    "wgi_2022",
    "fsi_2024"
  ],
  "curated_civilization": "african",
  "curated_role": "core",
  "curated_civilizations_competing": null,
  "sub_cluster_id": null,
  "sub_cluster_label": null
}