{
  "iso3": "NER",
  "label": null,
  "x_viz": [
    -1.6168402962990518,
    -0.8622670088170236
  ],
  "x_viz_ellipse": {
    "sigma": [
      [
        0.23293692755710943,
        0.0
      ],
      [
        0.0,
        0.4196998620067553
      ]
    ],
    "confidence_level": 0.8,
    "source": "imputed_pew"
  },
  "x_score": [
    62.809173421226376,
    18.30260613615833,
    56.009156967104346,
    29.063756130325096,
    23.651821903067983,
    43.15798774668461
  ],
  "affinity_vector": {
    "western": 0.03581405884422174,
    "orthodox": 0.01782869605400787,
    "islamic": 0.14684858100253653,
    "sinic": 0.09858833556899191,
    "hindic": 0.12463305310980721,
    "japanese": 0.007995664880957338,
    "buddhist": 0.10281760410546537,
    "latin_american": 0.054639096486407426,
    "african": 0.20653362496581384,
    "indigenous": 0.055480242333807946,
    "oceanian": 0.14882104264798263
  },
  "data_quality": {
    "iw_coverage": "missing",
    "hofstede_coverage": "missing",
    "low_evidence": true,
    "x_viz_provenance": "imputed_pew",
    "x_score_provenance": "imputed_governance",
    "x_score_sigma_prior": [
      12.89482013219045,
      16.654266762366433,
      17.276090153261453,
      19.840361952573588,
      23.703391973204358,
      22.027751828622787
    ],
    "fallback_civilization_id": "islamic",
    "pew_to_iw_model": {
      "training_n": 93,
      "rmse_ts": 0.4826353981600494,
      "rmse_se": 0.647842466967669
    },
    "governance_to_hofstede_model": {
      "training_n": 63,
      "rmse_per_dimension": {
        "pdi": 12.89482013219045,
        "idv": 16.654266762366433,
        "mas": 17.276090153261453,
        "uai": 19.840361952573588,
        "lto": 23.703391973204358,
        "ivr": 22.027751828622787
      }
    }
  },
  "source_refs": [
    "pew_religious_composition_2020",
    "wgi_2022",
    "fsi_2024"
  ],
  "curated_civilization": "islamic",
  "curated_role": "core",
  "curated_civilizations_competing": null,
  "sub_cluster_id": null,
  "sub_cluster_label": null
}