{
  "iso3": "NLD",
  "label": null,
  "x_viz": [
    1.45,
    1.65
  ],
  "x_viz_ellipse": {
    "sigma": [
      [
        0.0225,
        0.0
      ],
      [
        0.0,
        0.0225
      ]
    ],
    "confidence_level": 0.8
  },
  "x_score": [
    38.0,
    80.0,
    14.0,
    53.0,
    67.0,
    68.0
  ],
  "affinity_vector": {
    "western": 0.4957940905199169,
    "orthodox": 0.028694582938105714,
    "islamic": 0.03393319985139104,
    "sinic": 0.04143639789920095,
    "hindic": 0.05661712453088485,
    "japanese": 0.01847345305898865,
    "buddhist": 0.04050308749101439,
    "latin_american": 0.03637706398013224,
    "african": 0.056148743420633127,
    "indigenous": 0.028332736242395382,
    "oceanian": 0.16368952006733664
  },
  "data_quality": {
    "iw_coverage": "present",
    "hofstede_coverage": "present",
    "low_evidence": false
  },
  "source_refs": [
    "wvs_wave7_2022",
    "hofstede_2010"
  ],
  "curated_civilization": "western",
  "curated_role": "core",
  "curated_civilizations_competing": null,
  "sub_cluster_id": "protestant_europe",
  "sub_cluster_label": "Protestant Europe"
}