{
  "iso3": "NLD",
  "label": null,
  "x_viz": [
    1.45,
    1.65
  ],
  "x_viz_ellipse": {
    "sigma": [
      [
        0.0225,
        0.0
      ],
      [
        0.0,
        0.0225
      ]
    ],
    "confidence_level": 0.8,
    "source": "wvs_wave7_official"
  },
  "x_score": [
    38.0,
    80.0,
    14.0,
    53.0,
    67.0,
    68.0
  ],
  "affinity_vector": {
    "western": 0.4957940905199169,
    "orthodox": 0.028694582938105714,
    "islamic": 0.03393319985139104,
    "sinic": 0.04143639789920095,
    "hindic": 0.05661712453088485,
    "japanese": 0.01847345305898865,
    "buddhist": 0.04050308749101439,
    "latin_american": 0.03637706398013224,
    "african": 0.056148743420633127,
    "indigenous": 0.028332736242395382,
    "oceanian": 0.16368952006733664
  },
  "data_quality": {
    "iw_coverage": "present",
    "hofstede_coverage": "present",
    "low_evidence": false,
    "x_viz_provenance": "observed",
    "x_score_provenance": "observed",
    "x_score_sigma_prior": null,
    "fallback_civilization_id": "western",
    "pew_to_iw_model": {
      "training_n": 93,
      "rmse_ts": 0.4826353981600494,
      "rmse_se": 0.647842466967669
    },
    "governance_to_hofstede_model": {
      "training_n": 63,
      "rmse_per_dimension": {
        "pdi": 12.89482013219045,
        "idv": 16.654266762366433,
        "mas": 17.276090153261453,
        "uai": 19.840361952573588,
        "lto": 23.703391973204358,
        "ivr": 22.027751828622787
      }
    }
  },
  "source_refs": [
    "wvs_wave7_2022",
    "hofstede_2010"
  ],
  "curated_civilization": "western",
  "curated_role": "core",
  "curated_civilizations_competing": null,
  "sub_cluster_id": "protestant_europe",
  "sub_cluster_label": "Protestant Europe"
}