{
  "iso3": "NPL",
  "label": null,
  "x_viz": [
    -0.9851878280138698,
    -0.20347165275362267
  ],
  "x_viz_ellipse": {
    "sigma": [
      [
        0.23293692755710943,
        0.0
      ],
      [
        0.0,
        0.4196998620067553
      ]
    ],
    "confidence_level": 0.8,
    "source": "imputed_pew"
  },
  "x_score": [
    62.57238381888052,
    29.50676428262667,
    49.93600119270213,
    49.287676764098215,
    26.5906005427667,
    43.852940983681094
  ],
  "affinity_vector": {
    "western": 0.03927143959283189,
    "orthodox": 0.022441035705918634,
    "islamic": 0.18404847964234117,
    "sinic": 0.04990129656153669,
    "hindic": 0.09319223786067016,
    "japanese": 0.007860063512558572,
    "buddhist": 0.12356906193232009,
    "latin_american": 0.06924949286308449,
    "african": 0.20254980272863626,
    "indigenous": 0.056756033296364715,
    "oceanian": 0.15116105630373738
  },
  "data_quality": {
    "iw_coverage": "missing",
    "hofstede_coverage": "missing",
    "low_evidence": true,
    "x_viz_provenance": "imputed_pew",
    "x_score_provenance": "imputed_governance",
    "x_score_sigma_prior": [
      12.89482013219045,
      16.654266762366433,
      17.276090153261453,
      19.840361952573588,
      23.703391973204358,
      22.027751828622787
    ],
    "fallback_civilization_id": "hindic",
    "pew_to_iw_model": {
      "training_n": 93,
      "rmse_ts": 0.4826353981600494,
      "rmse_se": 0.647842466967669
    },
    "governance_to_hofstede_model": {
      "training_n": 63,
      "rmse_per_dimension": {
        "pdi": 12.89482013219045,
        "idv": 16.654266762366433,
        "mas": 17.276090153261453,
        "uai": 19.840361952573588,
        "lto": 23.703391973204358,
        "ivr": 22.027751828622787
      }
    }
  },
  "source_refs": [
    "pew_religious_composition_2020",
    "wgi_2022",
    "fsi_2024"
  ],
  "curated_civilization": "hindic",
  "curated_role": "periphery",
  "curated_civilizations_competing": null,
  "sub_cluster_id": "indian_subcontinent_hindu",
  "sub_cluster_label": "Sous-continent indien hindou"
}