{
  "iso3": "NRU",
  "label": null,
  "x_viz": [
    -0.2579351449498255,
    0.10082734277267602
  ],
  "x_viz_ellipse": {
    "sigma": [
      [
        0.23293692755710943,
        0.0
      ],
      [
        0.0,
        0.4196998620067553
      ]
    ],
    "confidence_level": 0.8,
    "source": "imputed_pew"
  },
  "x_score": [
    65.50607599748344,
    38.769546061406174,
    49.26087669392726,
    64.81748393541486,
    46.44690094481076,
    43.9798605784762
  ],
  "affinity_vector": {
    "western": 0.04702028180870209,
    "orthodox": 0.05108173042903117,
    "islamic": 0.16308585787442167,
    "sinic": 0.05210316563835505,
    "hindic": 0.0954467291603694,
    "japanese": 0.017500804610488276,
    "buddhist": 0.15868021270592136,
    "latin_american": 0.0720020699946566,
    "african": 0.137782917968797,
    "indigenous": 0.08295147718802208,
    "oceanian": 0.12234475262123518
  },
  "data_quality": {
    "iw_coverage": "missing",
    "hofstede_coverage": "missing",
    "low_evidence": true,
    "x_viz_provenance": "imputed_pew",
    "x_score_provenance": "imputed_governance",
    "x_score_sigma_prior": [
      12.89482013219045,
      16.654266762366433,
      17.276090153261453,
      19.840361952573588,
      23.703391973204358,
      22.027751828622787
    ],
    "fallback_civilization_id": "oceanian",
    "pew_to_iw_model": {
      "training_n": 93,
      "rmse_ts": 0.4826353981600494,
      "rmse_se": 0.647842466967669
    },
    "governance_to_hofstede_model": {
      "training_n": 63,
      "rmse_per_dimension": {
        "pdi": 12.89482013219045,
        "idv": 16.654266762366433,
        "mas": 17.276090153261453,
        "uai": 19.840361952573588,
        "lto": 23.703391973204358,
        "ivr": 22.027751828622787
      }
    }
  },
  "source_refs": [
    "pew_religious_composition_2020",
    "wgi_2022",
    "fsi_2024"
  ],
  "curated_civilization": "oceanian",
  "curated_role": "core",
  "curated_civilizations_competing": null,
  "sub_cluster_id": null,
  "sub_cluster_label": null
}