{
  "iso3": "PAK",
  "label": null,
  "x_viz": [
    -1.3,
    -0.95
  ],
  "x_viz_ellipse": {
    "sigma": [
      [
        0.04000000000000001,
        0.0
      ],
      [
        0.0,
        0.04000000000000001
      ]
    ],
    "confidence_level": 0.8,
    "source": "wvs_wave7_official"
  },
  "x_score": [
    55.0,
    14.0,
    50.0,
    70.0,
    50.0,
    0.0
  ],
  "affinity_vector": {
    "western": 0.02291850763379988,
    "orthodox": 0.14230712276641405,
    "islamic": 0.2099031899815484,
    "sinic": 0.1043189392634224,
    "hindic": 0.10963016144843124,
    "japanese": 0.031292618578435134,
    "buddhist": 0.14010386983023176,
    "latin_american": 0.04073622989306359,
    "african": 0.055546250738115734,
    "indigenous": 0.09413460420917005,
    "oceanian": 0.04910850565736793
  },
  "data_quality": {
    "iw_coverage": "present",
    "hofstede_coverage": "present",
    "low_evidence": false,
    "x_viz_provenance": "observed",
    "x_score_provenance": "observed",
    "x_score_sigma_prior": null,
    "fallback_civilization_id": "islamic",
    "pew_to_iw_model": {
      "training_n": 93,
      "rmse_ts": 0.4826353981600494,
      "rmse_se": 0.647842466967669
    },
    "governance_to_hofstede_model": {
      "training_n": 63,
      "rmse_per_dimension": {
        "pdi": 12.89482013219045,
        "idv": 16.654266762366433,
        "mas": 17.276090153261453,
        "uai": 19.840361952573588,
        "lto": 23.703391973204358,
        "ivr": 22.027751828622787
      }
    }
  },
  "source_refs": [
    "wvs_wave7_2022",
    "hofstede_2010"
  ],
  "curated_civilization": "islamic",
  "curated_role": "core",
  "curated_civilizations_competing": null,
  "sub_cluster_id": "south_asian_islamic",
  "sub_cluster_label": "Islam sud-asiatique"
}