{
  "iso3": "PER",
  "label": null,
  "x_viz": [
    -0.85,
    0.4
  ],
  "x_viz_ellipse": {
    "sigma": [
      [
        0.04000000000000001,
        0.0
      ],
      [
        0.0,
        0.04000000000000001
      ]
    ],
    "confidence_level": 0.8,
    "source": "wvs_wave7_official"
  },
  "x_score": [
    64.0,
    16.0,
    42.0,
    87.0,
    25.0,
    46.0
  ],
  "affinity_vector": {
    "western": 0.01837684465766281,
    "orthodox": 0.057171133293233665,
    "islamic": 0.1656814209274083,
    "sinic": 0.019990124372373814,
    "hindic": 0.02738771153031311,
    "japanese": 0.01004597320129253,
    "buddhist": 0.204619995675283,
    "latin_american": 0.2102736662078303,
    "african": 0.0932396000397322,
    "indigenous": 0.14255916521239195,
    "oceanian": 0.050654364882478306
  },
  "data_quality": {
    "iw_coverage": "present",
    "hofstede_coverage": "present",
    "low_evidence": false,
    "x_viz_provenance": "observed",
    "x_score_provenance": "observed",
    "x_score_sigma_prior": null,
    "fallback_civilization_id": "latin_american",
    "pew_to_iw_model": {
      "training_n": 93,
      "rmse_ts": 0.4826353981600494,
      "rmse_se": 0.647842466967669
    },
    "governance_to_hofstede_model": {
      "training_n": 63,
      "rmse_per_dimension": {
        "pdi": 12.89482013219045,
        "idv": 16.654266762366433,
        "mas": 17.276090153261453,
        "uai": 19.840361952573588,
        "lto": 23.703391973204358,
        "ivr": 22.027751828622787
      }
    }
  },
  "source_refs": [
    "wvs_wave7_2022",
    "hofstede_2010"
  ],
  "curated_civilization": "latin_american",
  "curated_role": "core",
  "curated_civilizations_competing": [
    "indigenous"
  ],
  "sub_cluster_id": "andean",
  "sub_cluster_label": "Andin"
}