{
  "iso3": "PLW",
  "label": null,
  "x_viz": [
    -0.23515086137396413,
    0.11265334150882489
  ],
  "x_viz_ellipse": {
    "sigma": [
      [
        0.23293692755710943,
        0.0
      ],
      [
        0.0,
        0.4196998620067553
      ]
    ],
    "confidence_level": 0.8,
    "source": "imputed_pew"
  },
  "x_score": [
    62.22507124407804,
    42.18095879922786,
    48.95692920597355,
    64.936945111162,
    43.350250185695614,
    48.82073535907696
  ],
  "affinity_vector": {
    "western": 0.0649503870611105,
    "orthodox": 0.04073985622966089,
    "islamic": 0.13641410887679184,
    "sinic": 0.04261193406585637,
    "hindic": 0.08243234779116058,
    "japanese": 0.016840127279410606,
    "buddhist": 0.13337713104736457,
    "latin_american": 0.08431305899599814,
    "african": 0.15810577415590898,
    "indigenous": 0.07241988625103464,
    "oceanian": 0.16779538824570286
  },
  "data_quality": {
    "iw_coverage": "missing",
    "hofstede_coverage": "missing",
    "low_evidence": true,
    "x_viz_provenance": "imputed_pew",
    "x_score_provenance": "imputed_governance",
    "x_score_sigma_prior": [
      12.89482013219045,
      16.654266762366433,
      17.276090153261453,
      19.840361952573588,
      23.703391973204358,
      22.027751828622787
    ],
    "fallback_civilization_id": "oceanian",
    "pew_to_iw_model": {
      "training_n": 93,
      "rmse_ts": 0.4826353981600494,
      "rmse_se": 0.647842466967669
    },
    "governance_to_hofstede_model": {
      "training_n": 63,
      "rmse_per_dimension": {
        "pdi": 12.89482013219045,
        "idv": 16.654266762366433,
        "mas": 17.276090153261453,
        "uai": 19.840361952573588,
        "lto": 23.703391973204358,
        "ivr": 22.027751828622787
      }
    }
  },
  "source_refs": [
    "pew_religious_composition_2020",
    "wgi_2022",
    "fsi_2024"
  ],
  "curated_civilization": "oceanian",
  "curated_role": "core",
  "curated_civilizations_competing": null,
  "sub_cluster_id": null,
  "sub_cluster_label": null
}