{
  "iso3": "PNG",
  "label": null,
  "x_viz": [
    -1.3289686489461403,
    -0.09836903314541035
  ],
  "x_viz_ellipse": {
    "sigma": [
      [
        0.23293692755710943,
        0.0
      ],
      [
        0.0,
        0.4196998620067553
      ]
    ],
    "confidence_level": 0.8,
    "source": "imputed_pew"
  },
  "x_score": [
    54.63812112287185,
    37.21439770614351,
    54.20716236156436,
    48.89642066618577,
    25.357407355868382,
    43.60026096776645
  ],
  "affinity_vector": {
    "western": 0.06501928604806673,
    "orthodox": 0.01984363441271787,
    "islamic": 0.14951510010784208,
    "sinic": 0.045153043156694724,
    "hindic": 0.10050713188028622,
    "japanese": 0.010108788303662207,
    "buddhist": 0.0914739093094455,
    "latin_american": 0.06429285223583639,
    "african": 0.18583546815604626,
    "indigenous": 0.0441444421493637,
    "oceanian": 0.22410634424003825
  },
  "data_quality": {
    "iw_coverage": "missing",
    "hofstede_coverage": "missing",
    "low_evidence": true,
    "x_viz_provenance": "imputed_pew",
    "x_score_provenance": "imputed_governance",
    "x_score_sigma_prior": [
      12.89482013219045,
      16.654266762366433,
      17.276090153261453,
      19.840361952573588,
      23.703391973204358,
      22.027751828622787
    ],
    "fallback_civilization_id": "oceanian",
    "pew_to_iw_model": {
      "training_n": 93,
      "rmse_ts": 0.4826353981600494,
      "rmse_se": 0.647842466967669
    },
    "governance_to_hofstede_model": {
      "training_n": 63,
      "rmse_per_dimension": {
        "pdi": 12.89482013219045,
        "idv": 16.654266762366433,
        "mas": 17.276090153261453,
        "uai": 19.840361952573588,
        "lto": 23.703391973204358,
        "ivr": 22.027751828622787
      }
    }
  },
  "source_refs": [
    "pew_religious_composition_2020",
    "wgi_2022",
    "fsi_2024"
  ],
  "curated_civilization": "oceanian",
  "curated_role": "core",
  "curated_civilizations_competing": null,
  "sub_cluster_id": null,
  "sub_cluster_label": null
}