{
  "iso3": "POL",
  "label": null,
  "x_viz": [
    -0.4756188774250991,
    0.07706901195716254
  ],
  "x_viz_ellipse": {
    "sigma": [
      [
        0.14149611837262427,
        0.0
      ],
      [
        0.0,
        0.29336848480021727
      ]
    ],
    "confidence_level": 0.8,
    "source": "wvs_wave6_predicted_from_items"
  },
  "x_score": [
    61.201256936143714,
    47.99173859285041,
    50.87972318529533,
    85.40335537836867,
    49.90004552309717,
    59.65423927706725
  ],
  "affinity_vector": {
    "western": 0.08076482540068833,
    "orthodox": 0.06919309309155801,
    "islamic": 0.09375211938211285,
    "sinic": 0.0285393316761382,
    "hindic": 0.047796973836371486,
    "japanese": 0.041546826585160686,
    "buddhist": 0.12475289457224513,
    "latin_american": 0.16306889539228192,
    "african": 0.12152313505955549,
    "indigenous": 0.10560736983483751,
    "oceanian": 0.1234545351690503
  },
  "data_quality": {
    "iw_coverage": "present",
    "hofstede_coverage": "missing",
    "low_evidence": true,
    "x_viz_provenance": "imputed_wvs_items",
    "x_score_provenance": "imputed_governance",
    "x_score_sigma_prior": [
      12.89482013219045,
      16.654266762366433,
      17.276090153261453,
      19.840361952573588,
      23.703391973204358,
      22.027751828622787
    ],
    "fallback_civilization_id": "western",
    "pew_to_iw_model": {
      "training_n": 93,
      "rmse_ts": 0.4826353981600494,
      "rmse_se": 0.647842466967669
    },
    "governance_to_hofstede_model": {
      "training_n": 63,
      "rmse_per_dimension": {
        "pdi": 12.89482013219045,
        "idv": 16.654266762366433,
        "mas": 17.276090153261453,
        "uai": 19.840361952573588,
        "lto": 23.703391973204358,
        "ivr": 22.027751828622787
      }
    }
  },
  "source_refs": [
    "wgi_2022",
    "fsi_2024"
  ],
  "curated_civilization": "western",
  "curated_role": "core",
  "curated_civilizations_competing": null,
  "sub_cluster_id": null,
  "sub_cluster_label": null
}