{
  "iso3": "PRK",
  "label": null,
  "x_viz": [
    0.3818626669450309,
    -0.3391921412431398
  ],
  "x_viz_ellipse": {
    "sigma": [
      [
        0.23293692755710943,
        0.0
      ],
      [
        0.0,
        0.4196998620067553
      ]
    ],
    "confidence_level": 0.8,
    "source": "imputed_pew"
  },
  "x_score": [
    71.24082835542144,
    40.88138034400665,
    43.722396548264975,
    43.30035892492412,
    56.79838977200802,
    11.115302630221485
  ],
  "affinity_vector": {
    "western": 0.03404994130747303,
    "orthodox": 0.061935372193706865,
    "islamic": 0.12719510521265892,
    "sinic": 0.16249342636018668,
    "hindic": 0.34649944337391725,
    "japanese": 0.015010317935811592,
    "buddhist": 0.08133034548580609,
    "latin_american": 0.01968082724908084,
    "african": 0.05269357020978935,
    "indigenous": 0.03995251942962885,
    "oceanian": 0.05915913124194067
  },
  "data_quality": {
    "iw_coverage": "missing",
    "hofstede_coverage": "missing",
    "low_evidence": true,
    "x_viz_provenance": "imputed_pew",
    "x_score_provenance": "imputed_governance",
    "x_score_sigma_prior": [
      12.89482013219045,
      16.654266762366433,
      17.276090153261453,
      19.840361952573588,
      23.703391973204358,
      22.027751828622787
    ],
    "fallback_civilization_id": "sinic",
    "pew_to_iw_model": {
      "training_n": 93,
      "rmse_ts": 0.4826353981600494,
      "rmse_se": 0.647842466967669
    },
    "governance_to_hofstede_model": {
      "training_n": 63,
      "rmse_per_dimension": {
        "pdi": 12.89482013219045,
        "idv": 16.654266762366433,
        "mas": 17.276090153261453,
        "uai": 19.840361952573588,
        "lto": 23.703391973204358,
        "ivr": 22.027751828622787
      }
    }
  },
  "source_refs": [
    "pew_religious_composition_2020",
    "wgi_2022",
    "fsi_2024"
  ],
  "curated_civilization": "sinic",
  "curated_role": "periphery",
  "curated_civilizations_competing": null,
  "sub_cluster_id": null,
  "sub_cluster_label": null
}