{
  "iso3": "PRY",
  "label": null,
  "x_viz": [
    -0.4879535440435592,
    0.3189211174439226
  ],
  "x_viz_ellipse": {
    "sigma": [
      [
        0.23293692755710943,
        0.0
      ],
      [
        0.0,
        0.4196998620067553
      ]
    ],
    "confidence_level": 0.8,
    "source": "imputed_pew"
  },
  "x_score": [
    56.168412819234376,
    44.44439874912495,
    50.188518975924666,
    65.28450238396195,
    40.60448761983234,
    45.358237600030776
  ],
  "affinity_vector": {
    "western": 0.08477786003503197,
    "orthodox": 0.0389884785461226,
    "islamic": 0.13929876743546274,
    "sinic": 0.04069295375529814,
    "hindic": 0.08658737417175681,
    "japanese": 0.018764020968155572,
    "buddhist": 0.11408820602665032,
    "latin_american": 0.07905310759530047,
    "african": 0.14104856567675472,
    "indigenous": 0.0614445358506243,
    "oceanian": 0.19525612993884228
  },
  "data_quality": {
    "iw_coverage": "missing",
    "hofstede_coverage": "missing",
    "low_evidence": true,
    "x_viz_provenance": "imputed_pew",
    "x_score_provenance": "imputed_governance",
    "x_score_sigma_prior": [
      12.89482013219045,
      16.654266762366433,
      17.276090153261453,
      19.840361952573588,
      23.703391973204358,
      22.027751828622787
    ],
    "fallback_civilization_id": "latin_american",
    "pew_to_iw_model": {
      "training_n": 93,
      "rmse_ts": 0.4826353981600494,
      "rmse_se": 0.647842466967669
    },
    "governance_to_hofstede_model": {
      "training_n": 63,
      "rmse_per_dimension": {
        "pdi": 12.89482013219045,
        "idv": 16.654266762366433,
        "mas": 17.276090153261453,
        "uai": 19.840361952573588,
        "lto": 23.703391973204358,
        "ivr": 22.027751828622787
      }
    }
  },
  "source_refs": [
    "pew_religious_composition_2020",
    "wgi_2022",
    "fsi_2024"
  ],
  "curated_civilization": "latin_american",
  "curated_role": "core",
  "curated_civilizations_competing": null,
  "sub_cluster_id": null,
  "sub_cluster_label": null
}