{
  "iso3": "QAT",
  "label": null,
  "x_viz": [
    -1.6192828776708146,
    -0.5011618100148305
  ],
  "x_viz_ellipse": {
    "sigma": [
      [
        0.14149611837262427,
        0.0
      ],
      [
        0.0,
        0.29336848480021727
      ]
    ],
    "confidence_level": 0.8,
    "source": "wvs_wave6_predicted_from_items"
  },
  "x_score": [
    89.24463778803296,
    26.67474334106831,
    46.26015594218759,
    60.59633729021363,
    57.15983836816237,
    24.761038973259755
  ],
  "affinity_vector": {
    "western": 0.015182517969108038,
    "orthodox": 0.12340835965736513,
    "islamic": 0.17763672139476194,
    "sinic": 0.10951330063975483,
    "hindic": 0.1431514121073662,
    "japanese": 0.015242187894181856,
    "buddhist": 0.17748215918510943,
    "latin_american": 0.03518196105477436,
    "african": 0.06535564110926413,
    "indigenous": 0.1003800272522379,
    "oceanian": 0.037465711736076115
  },
  "data_quality": {
    "iw_coverage": "present",
    "hofstede_coverage": "missing",
    "low_evidence": true,
    "x_viz_provenance": "imputed_wvs_items",
    "x_score_provenance": "imputed_governance",
    "x_score_sigma_prior": [
      12.89482013219045,
      16.654266762366433,
      17.276090153261453,
      19.840361952573588,
      23.703391973204358,
      22.027751828622787
    ],
    "fallback_civilization_id": "islamic",
    "pew_to_iw_model": {
      "training_n": 93,
      "rmse_ts": 0.4826353981600494,
      "rmse_se": 0.647842466967669
    },
    "governance_to_hofstede_model": {
      "training_n": 63,
      "rmse_per_dimension": {
        "pdi": 12.89482013219045,
        "idv": 16.654266762366433,
        "mas": 17.276090153261453,
        "uai": 19.840361952573588,
        "lto": 23.703391973204358,
        "ivr": 22.027751828622787
      }
    }
  },
  "source_refs": [
    "wgi_2022",
    "fsi_2024"
  ],
  "curated_civilization": "islamic",
  "curated_role": "core",
  "curated_civilizations_competing": null,
  "sub_cluster_id": null,
  "sub_cluster_label": null
}