{
  "iso3": "ROU",
  "label": null,
  "x_viz": [
    -0.35,
    -0.4
  ],
  "x_viz_ellipse": {
    "sigma": [
      [
        0.0324,
        0.0
      ],
      [
        0.0,
        0.0324
      ]
    ],
    "confidence_level": 0.8,
    "source": "wvs_wave7_official"
  },
  "x_score": [
    90.0,
    30.0,
    42.0,
    90.0,
    52.0,
    20.0
  ],
  "affinity_vector": {
    "western": 0.011628037534336515,
    "orthodox": 0.3754315437122197,
    "islamic": 0.1465885735380041,
    "sinic": 0.031657177520811354,
    "hindic": 0.05271769308911009,
    "japanese": 0.017909709146644623,
    "buddhist": 0.15476642745840533,
    "latin_american": 0.04608927295360723,
    "african": 0.03823351083844989,
    "indigenous": 0.10289039562825159,
    "oceanian": 0.02208765858015962
  },
  "data_quality": {
    "iw_coverage": "present",
    "hofstede_coverage": "present",
    "low_evidence": false,
    "x_viz_provenance": "observed",
    "x_score_provenance": "observed",
    "x_score_sigma_prior": null,
    "fallback_civilization_id": "orthodox",
    "pew_to_iw_model": {
      "training_n": 93,
      "rmse_ts": 0.4826353981600494,
      "rmse_se": 0.647842466967669
    },
    "governance_to_hofstede_model": {
      "training_n": 63,
      "rmse_per_dimension": {
        "pdi": 12.89482013219045,
        "idv": 16.654266762366433,
        "mas": 17.276090153261453,
        "uai": 19.840361952573588,
        "lto": 23.703391973204358,
        "ivr": 22.027751828622787
      }
    }
  },
  "source_refs": [
    "wvs_wave7_2022",
    "hofstede_2010"
  ],
  "curated_civilization": "orthodox",
  "curated_role": "core",
  "curated_civilizations_competing": null,
  "sub_cluster_id": "balkan_orthodox",
  "sub_cluster_label": "Orthodoxe balkanique"
}