{
  "iso3": "RUS",
  "label": null,
  "x_viz": [
    0.05,
    -1.05
  ],
  "x_viz_ellipse": {
    "sigma": [
      [
        0.0225,
        0.0
      ],
      [
        0.0,
        0.0225
      ]
    ],
    "confidence_level": 0.8,
    "source": "wvs_wave7_official"
  },
  "x_score": [
    93.0,
    39.0,
    36.0,
    95.0,
    81.0,
    20.0
  ],
  "affinity_vector": {
    "western": 0.013677914246791358,
    "orthodox": 0.5526701195760307,
    "islamic": 0.06585098372324617,
    "sinic": 0.040976758660051675,
    "hindic": 0.04857391201720423,
    "japanese": 0.035547377173166535,
    "buddhist": 0.08796805286934475,
    "latin_american": 0.028766157237330812,
    "african": 0.025461944757588707,
    "indigenous": 0.08183898799255711,
    "oceanian": 0.01866779174668798
  },
  "data_quality": {
    "iw_coverage": "present",
    "hofstede_coverage": "present",
    "low_evidence": false,
    "x_viz_provenance": "observed",
    "x_score_provenance": "observed",
    "x_score_sigma_prior": null,
    "fallback_civilization_id": "orthodox",
    "pew_to_iw_model": {
      "training_n": 93,
      "rmse_ts": 0.4826353981600494,
      "rmse_se": 0.647842466967669
    },
    "governance_to_hofstede_model": {
      "training_n": 63,
      "rmse_per_dimension": {
        "pdi": 12.89482013219045,
        "idv": 16.654266762366433,
        "mas": 17.276090153261453,
        "uai": 19.840361952573588,
        "lto": 23.703391973204358,
        "ivr": 22.027751828622787
      }
    }
  },
  "source_refs": [
    "wvs_wave7_2022",
    "hofstede_2010"
  ],
  "curated_civilization": "orthodox",
  "curated_role": "core",
  "curated_civilizations_competing": null,
  "sub_cluster_id": "slavic_orthodox",
  "sub_cluster_label": "Orthodoxe slave"
}