{
  "iso3": "SAU",
  "label": null,
  "x_viz": [
    -0.7313308471491713,
    -0.35720248476365146
  ],
  "x_viz_ellipse": {
    "sigma": [
      [
        0.23293692755710943,
        0.0
      ],
      [
        0.0,
        0.4196998620067553
      ]
    ],
    "confidence_level": 0.8,
    "source": "imputed_pew"
  },
  "x_score": [
    95.0,
    25.0,
    60.0,
    80.0,
    36.0,
    52.0
  ],
  "affinity_vector": {
    "western": 0.01278861519442907,
    "orthodox": 0.06200675594156729,
    "islamic": 0.15556529552791998,
    "sinic": 0.025857278293840047,
    "hindic": 0.04331888324262233,
    "japanese": 0.014941190997761785,
    "buddhist": 0.211080810436493,
    "latin_american": 0.14868050451323703,
    "african": 0.12336458606715446,
    "indigenous": 0.16365159242516092,
    "oceanian": 0.03874448735981411
  },
  "data_quality": {
    "iw_coverage": "missing",
    "hofstede_coverage": "present",
    "low_evidence": true,
    "x_viz_provenance": "imputed_pew",
    "x_score_provenance": "observed",
    "x_score_sigma_prior": null,
    "fallback_civilization_id": "islamic",
    "pew_to_iw_model": {
      "training_n": 93,
      "rmse_ts": 0.4826353981600494,
      "rmse_se": 0.647842466967669
    },
    "governance_to_hofstede_model": {
      "training_n": 63,
      "rmse_per_dimension": {
        "pdi": 12.89482013219045,
        "idv": 16.654266762366433,
        "mas": 17.276090153261453,
        "uai": 19.840361952573588,
        "lto": 23.703391973204358,
        "ivr": 22.027751828622787
      }
    }
  },
  "source_refs": [
    "pew_religious_composition_2020",
    "hofstede_2010"
  ],
  "curated_civilization": "islamic",
  "curated_role": "core",
  "curated_civilizations_competing": null,
  "sub_cluster_id": "arab_islamic",
  "sub_cluster_label": "Islam arabe"
}