{
  "iso3": "SEN",
  "label": null,
  "x_viz": [
    -1.2338304645247535,
    -0.41842801205414637
  ],
  "x_viz_ellipse": {
    "sigma": [
      [
        0.23293692755710943,
        0.0
      ],
      [
        0.0,
        0.4196998620067553
      ]
    ],
    "confidence_level": 0.8,
    "source": "imputed_pew"
  },
  "x_score": [
    66.16116320084312,
    23.797161745764914,
    53.304215707064586,
    47.36736936698565,
    29.343860132214928,
    46.848359153744696
  ],
  "affinity_vector": {
    "western": 0.029325496874298154,
    "orthodox": 0.02110349728421027,
    "islamic": 0.1680921333696728,
    "sinic": 0.057656390757536126,
    "hindic": 0.08599473418656643,
    "japanese": 0.007930318090533756,
    "buddhist": 0.13053729024139485,
    "latin_american": 0.06964178435844656,
    "african": 0.23548695926810329,
    "indigenous": 0.06615971581605946,
    "oceanian": 0.12807167975317846
  },
  "data_quality": {
    "iw_coverage": "missing",
    "hofstede_coverage": "missing",
    "low_evidence": true,
    "x_viz_provenance": "imputed_pew",
    "x_score_provenance": "imputed_governance",
    "x_score_sigma_prior": [
      12.89482013219045,
      16.654266762366433,
      17.276090153261453,
      19.840361952573588,
      23.703391973204358,
      22.027751828622787
    ],
    "fallback_civilization_id": "islamic",
    "pew_to_iw_model": {
      "training_n": 93,
      "rmse_ts": 0.4826353981600494,
      "rmse_se": 0.647842466967669
    },
    "governance_to_hofstede_model": {
      "training_n": 63,
      "rmse_per_dimension": {
        "pdi": 12.89482013219045,
        "idv": 16.654266762366433,
        "mas": 17.276090153261453,
        "uai": 19.840361952573588,
        "lto": 23.703391973204358,
        "ivr": 22.027751828622787
      }
    }
  },
  "source_refs": [
    "pew_religious_composition_2020",
    "wgi_2022",
    "fsi_2024"
  ],
  "curated_civilization": "islamic",
  "curated_role": "core",
  "curated_civilizations_competing": null,
  "sub_cluster_id": null,
  "sub_cluster_label": null
}