{
  "iso3": "SGP",
  "label": null,
  "x_viz": [
    0.3,
    -0.4
  ],
  "x_viz_ellipse": {
    "sigma": [
      [
        0.0324,
        0.0
      ],
      [
        0.0,
        0.0324
      ]
    ],
    "confidence_level": 0.8,
    "source": "wvs_wave7_official"
  },
  "x_score": [
    74.0,
    20.0,
    48.0,
    8.0,
    72.0,
    46.0
  ],
  "affinity_vector": {
    "western": 0.028554081966556503,
    "orthodox": 0.020101192098132173,
    "islamic": 0.05067202565130683,
    "sinic": 0.4704241750478129,
    "hindic": 0.1430707696619802,
    "japanese": 0.011257202099511459,
    "buddhist": 0.056842098697868396,
    "latin_american": 0.01911064280773561,
    "african": 0.0797954235667977,
    "indigenous": 0.04387430520463017,
    "oceanian": 0.0762980831976681
  },
  "data_quality": {
    "iw_coverage": "present",
    "hofstede_coverage": "present",
    "low_evidence": false,
    "x_viz_provenance": "observed",
    "x_score_provenance": "observed",
    "x_score_sigma_prior": null,
    "fallback_civilization_id": "sinic",
    "pew_to_iw_model": {
      "training_n": 93,
      "rmse_ts": 0.4826353981600494,
      "rmse_se": 0.647842466967669
    },
    "governance_to_hofstede_model": {
      "training_n": 63,
      "rmse_per_dimension": {
        "pdi": 12.89482013219045,
        "idv": 16.654266762366433,
        "mas": 17.276090153261453,
        "uai": 19.840361952573588,
        "lto": 23.703391973204358,
        "ivr": 22.027751828622787
      }
    }
  },
  "source_refs": [
    "wvs_wave7_2022",
    "hofstede_2010"
  ],
  "curated_civilization": "sinic",
  "curated_role": "core",
  "curated_civilizations_competing": [
    "sinic",
    "islamic",
    "western"
  ],
  "sub_cluster_id": "insular_sinic",
  "sub_cluster_label": "Sinic insulaire / diasporique"
}