{
  "iso3": "SLB",
  "label": null,
  "x_viz": [
    -1.3978467884026764,
    -0.0942858654812424
  ],
  "x_viz_ellipse": {
    "sigma": [
      [
        0.23293692755710943,
        0.0
      ],
      [
        0.0,
        0.4196998620067553
      ]
    ],
    "confidence_level": 0.8,
    "source": "imputed_pew"
  },
  "x_score": [
    57.243918231665184,
    30.493376929689276,
    51.87392192305341,
    49.21517467543526,
    21.959683324157425,
    51.06086409732347
  ],
  "affinity_vector": {
    "western": 0.04945642162502363,
    "orthodox": 0.017555048731283697,
    "islamic": 0.1383618658450483,
    "sinic": 0.039644034100189615,
    "hindic": 0.07092417396713165,
    "japanese": 0.007889003648023982,
    "buddhist": 0.10188839454151681,
    "latin_american": 0.08485904949669446,
    "african": 0.23660238290897015,
    "indigenous": 0.051953124777660065,
    "oceanian": 0.20086650035845763
  },
  "data_quality": {
    "iw_coverage": "missing",
    "hofstede_coverage": "missing",
    "low_evidence": true,
    "x_viz_provenance": "imputed_pew",
    "x_score_provenance": "imputed_governance",
    "x_score_sigma_prior": [
      12.89482013219045,
      16.654266762366433,
      17.276090153261453,
      19.840361952573588,
      23.703391973204358,
      22.027751828622787
    ],
    "fallback_civilization_id": "oceanian",
    "pew_to_iw_model": {
      "training_n": 93,
      "rmse_ts": 0.4826353981600494,
      "rmse_se": 0.647842466967669
    },
    "governance_to_hofstede_model": {
      "training_n": 63,
      "rmse_per_dimension": {
        "pdi": 12.89482013219045,
        "idv": 16.654266762366433,
        "mas": 17.276090153261453,
        "uai": 19.840361952573588,
        "lto": 23.703391973204358,
        "ivr": 22.027751828622787
      }
    }
  },
  "source_refs": [
    "pew_religious_composition_2020",
    "wgi_2022",
    "fsi_2024"
  ],
  "curated_civilization": "oceanian",
  "curated_role": "core",
  "curated_civilizations_competing": null,
  "sub_cluster_id": null,
  "sub_cluster_label": null
}