{
  "iso3": "SLE",
  "label": null,
  "x_viz": [
    -1.423299938421766,
    -0.6320425841270856
  ],
  "x_viz_ellipse": {
    "sigma": [
      [
        0.23293692755710943,
        0.0
      ],
      [
        0.0,
        0.4196998620067553
      ]
    ],
    "confidence_level": 0.8,
    "source": "imputed_pew"
  },
  "x_score": [
    58.79642644499727,
    26.082281448261817,
    54.88140984873101,
    38.35839375227392,
    24.408681862988963,
    46.406013672075765
  ],
  "affinity_vector": {
    "western": 0.044188258929701185,
    "orthodox": 0.017113022170228975,
    "islamic": 0.14167635925650288,
    "sinic": 0.06616452565117555,
    "hindic": 0.10344382957019811,
    "japanese": 0.008210127363279494,
    "buddhist": 0.09812300821270663,
    "latin_american": 0.06134216806853138,
    "african": 0.2233278936343208,
    "indigenous": 0.05085590048666133,
    "oceanian": 0.18555490665669366
  },
  "data_quality": {
    "iw_coverage": "missing",
    "hofstede_coverage": "missing",
    "low_evidence": true,
    "x_viz_provenance": "imputed_pew",
    "x_score_provenance": "imputed_governance",
    "x_score_sigma_prior": [
      12.89482013219045,
      16.654266762366433,
      17.276090153261453,
      19.840361952573588,
      23.703391973204358,
      22.027751828622787
    ],
    "fallback_civilization_id": "islamic",
    "pew_to_iw_model": {
      "training_n": 93,
      "rmse_ts": 0.4826353981600494,
      "rmse_se": 0.647842466967669
    },
    "governance_to_hofstede_model": {
      "training_n": 63,
      "rmse_per_dimension": {
        "pdi": 12.89482013219045,
        "idv": 16.654266762366433,
        "mas": 17.276090153261453,
        "uai": 19.840361952573588,
        "lto": 23.703391973204358,
        "ivr": 22.027751828622787
      }
    }
  },
  "source_refs": [
    "pew_religious_composition_2020",
    "wgi_2022",
    "fsi_2024"
  ],
  "curated_civilization": "islamic",
  "curated_role": "periphery",
  "curated_civilizations_competing": null,
  "sub_cluster_id": null,
  "sub_cluster_label": null
}