{
  "iso3": "SMR",
  "label": null,
  "x_viz": [
    0.04185179875433098,
    0.3940373579757086
  ],
  "x_viz_ellipse": {
    "sigma": [
      [
        0.23293692755710943,
        0.0
      ],
      [
        0.0,
        0.4196998620067553
      ]
    ],
    "confidence_level": 0.8,
    "source": "imputed_pew"
  },
  "x_score": [
    69.9742942520834,
    41.76404219990091,
    48.25002218472846,
    75.66845312300768,
    52.17619185629341,
    44.224292172921515
  ],
  "affinity_vector": {
    "western": 0.04389755385129635,
    "orthodox": 0.09638558624820788,
    "islamic": 0.146935684113061,
    "sinic": 0.044309664266824554,
    "hindic": 0.07859219780267512,
    "japanese": 0.026860568694847133,
    "buddhist": 0.17660244945946593,
    "latin_american": 0.08577453039716659,
    "african": 0.10476696787244123,
    "indigenous": 0.10958950332560731,
    "oceanian": 0.08628529396840688
  },
  "data_quality": {
    "iw_coverage": "missing",
    "hofstede_coverage": "missing",
    "low_evidence": true,
    "x_viz_provenance": "imputed_pew",
    "x_score_provenance": "imputed_governance",
    "x_score_sigma_prior": [
      12.89482013219045,
      16.654266762366433,
      17.276090153261453,
      19.840361952573588,
      23.703391973204358,
      22.027751828622787
    ],
    "fallback_civilization_id": "western",
    "pew_to_iw_model": {
      "training_n": 93,
      "rmse_ts": 0.4826353981600494,
      "rmse_se": 0.647842466967669
    },
    "governance_to_hofstede_model": {
      "training_n": 63,
      "rmse_per_dimension": {
        "pdi": 12.89482013219045,
        "idv": 16.654266762366433,
        "mas": 17.276090153261453,
        "uai": 19.840361952573588,
        "lto": 23.703391973204358,
        "ivr": 22.027751828622787
      }
    }
  },
  "source_refs": [
    "pew_religious_composition_2020",
    "wgi_2022",
    "fsi_2024"
  ],
  "curated_civilization": "western",
  "curated_role": "core",
  "curated_civilizations_competing": null,
  "sub_cluster_id": null,
  "sub_cluster_label": null
}