{
  "iso3": "SOM",
  "label": null,
  "x_viz": [
    -1.9547450985203554,
    -1.2080681624924852
  ],
  "x_viz_ellipse": {
    "sigma": [
      [
        0.23293692755710943,
        0.0
      ],
      [
        0.0,
        0.4196998620067553
      ]
    ],
    "confidence_level": 0.8,
    "source": "imputed_pew"
  },
  "x_score": [
    63.190231930415834,
    26.579958062889432,
    51.210614753240854,
    23.160573815095525,
    25.352376784312582,
    19.538881798103702
  ],
  "affinity_vector": {
    "western": 0.03994605453211221,
    "orthodox": 0.02432563221899852,
    "islamic": 0.16871481978557457,
    "sinic": 0.1319531201144981,
    "hindic": 0.23938433618679666,
    "japanese": 0.00849616897707169,
    "buddhist": 0.08848258904953839,
    "latin_american": 0.032316094549202375,
    "african": 0.11383535694072167,
    "indigenous": 0.04037262142039773,
    "oceanian": 0.11217320622508802
  },
  "data_quality": {
    "iw_coverage": "missing",
    "hofstede_coverage": "missing",
    "low_evidence": true,
    "x_viz_provenance": "imputed_pew",
    "x_score_provenance": "imputed_governance",
    "x_score_sigma_prior": [
      12.89482013219045,
      16.654266762366433,
      17.276090153261453,
      19.840361952573588,
      23.703391973204358,
      22.027751828622787
    ],
    "fallback_civilization_id": "islamic",
    "pew_to_iw_model": {
      "training_n": 93,
      "rmse_ts": 0.4826353981600494,
      "rmse_se": 0.647842466967669
    },
    "governance_to_hofstede_model": {
      "training_n": 63,
      "rmse_per_dimension": {
        "pdi": 12.89482013219045,
        "idv": 16.654266762366433,
        "mas": 17.276090153261453,
        "uai": 19.840361952573588,
        "lto": 23.703391973204358,
        "ivr": 22.027751828622787
      }
    }
  },
  "source_refs": [
    "pew_religious_composition_2020",
    "wgi_2022",
    "fsi_2024"
  ],
  "curated_civilization": "islamic",
  "curated_role": "core",
  "curated_civilizations_competing": null,
  "sub_cluster_id": null,
  "sub_cluster_label": null
}