{
  "iso3": "SSD",
  "label": null,
  "x_viz": [
    -0.8220772778133698,
    -0.7000216001168165
  ],
  "x_viz_ellipse": {
    "sigma": [
      [
        0.23293692755710943,
        0.0
      ],
      [
        0.0,
        0.4196998620067553
      ]
    ],
    "confidence_level": 0.8,
    "source": "imputed_pew"
  },
  "x_score": [
    42.49543813132804,
    42.66579843077899,
    50.32447865252975,
    24.05020917036876,
    43.45961829819864,
    27.67670759423122
  ],
  "affinity_vector": {
    "western": 0.10765099506501956,
    "orthodox": 0.020676359928154326,
    "islamic": 0.09038349467864139,
    "sinic": 0.14521611756473346,
    "hindic": 0.2223397133979577,
    "japanese": 0.014201543292729664,
    "buddhist": 0.056898672029409944,
    "latin_american": 0.025262665539541894,
    "african": 0.0924659213840398,
    "indigenous": 0.02983524833404356,
    "oceanian": 0.1950692687857287
  },
  "data_quality": {
    "iw_coverage": "missing",
    "hofstede_coverage": "missing",
    "low_evidence": true,
    "x_viz_provenance": "imputed_pew",
    "x_score_provenance": "imputed_governance",
    "x_score_sigma_prior": [
      12.89482013219045,
      16.654266762366433,
      17.276090153261453,
      19.840361952573588,
      23.703391973204358,
      22.027751828622787
    ],
    "fallback_civilization_id": "african",
    "pew_to_iw_model": {
      "training_n": 93,
      "rmse_ts": 0.4826353981600494,
      "rmse_se": 0.647842466967669
    },
    "governance_to_hofstede_model": {
      "training_n": 63,
      "rmse_per_dimension": {
        "pdi": 12.89482013219045,
        "idv": 16.654266762366433,
        "mas": 17.276090153261453,
        "uai": 19.840361952573588,
        "lto": 23.703391973204358,
        "ivr": 22.027751828622787
      }
    }
  },
  "source_refs": [
    "pew_religious_composition_2020",
    "wgi_2022",
    "fsi_2024"
  ],
  "curated_civilization": "african",
  "curated_role": "core",
  "curated_civilizations_competing": null,
  "sub_cluster_id": null,
  "sub_cluster_label": null
}