{
  "iso3": "STP",
  "label": null,
  "x_viz": [
    -0.9354248451156048,
    0.05369814949031526
  ],
  "x_viz_ellipse": {
    "sigma": [
      [
        0.23293692755710943,
        0.0
      ],
      [
        0.0,
        0.4196998620067553
      ]
    ],
    "confidence_level": 0.8,
    "source": "imputed_pew"
  },
  "x_score": [
    59.80830263075854,
    32.26346613516417,
    55.570036067286054,
    55.68266235179946,
    27.09431785885132,
    56.153759010259826
  ],
  "affinity_vector": {
    "western": 0.04363936891936226,
    "orthodox": 0.01739109610171135,
    "islamic": 0.11706776974852114,
    "sinic": 0.03193513908450174,
    "hindic": 0.055636345352212284,
    "japanese": 0.00917075138054243,
    "buddhist": 0.10024362615013539,
    "latin_american": 0.10007429767339444,
    "african": 0.28084133621401697,
    "indigenous": 0.056392192305656695,
    "oceanian": 0.18760807706994528
  },
  "data_quality": {
    "iw_coverage": "missing",
    "hofstede_coverage": "missing",
    "low_evidence": true,
    "x_viz_provenance": "imputed_pew",
    "x_score_provenance": "imputed_governance",
    "x_score_sigma_prior": [
      12.89482013219045,
      16.654266762366433,
      17.276090153261453,
      19.840361952573588,
      23.703391973204358,
      22.027751828622787
    ],
    "fallback_civilization_id": "african",
    "pew_to_iw_model": {
      "training_n": 93,
      "rmse_ts": 0.4826353981600494,
      "rmse_se": 0.647842466967669
    },
    "governance_to_hofstede_model": {
      "training_n": 63,
      "rmse_per_dimension": {
        "pdi": 12.89482013219045,
        "idv": 16.654266762366433,
        "mas": 17.276090153261453,
        "uai": 19.840361952573588,
        "lto": 23.703391973204358,
        "ivr": 22.027751828622787
      }
    }
  },
  "source_refs": [
    "pew_religious_composition_2020",
    "wgi_2022",
    "fsi_2024"
  ],
  "curated_civilization": "african",
  "curated_role": "periphery",
  "curated_civilizations_competing": null,
  "sub_cluster_id": null,
  "sub_cluster_label": null
}