{
  "iso3": "SUR",
  "label": null,
  "x_viz": [
    -0.619955955274063,
    0.3427270147989523
  ],
  "x_viz_ellipse": {
    "sigma": [
      [
        0.23293692755710943,
        0.0
      ],
      [
        0.0,
        0.4196998620067553
      ]
    ],
    "confidence_level": 0.8,
    "source": "imputed_pew"
  },
  "x_score": [
    69.00245335847644,
    29.05446947261709,
    52.7268603714673,
    65.17484345335563,
    34.3718631378931,
    60.098121682301425
  ],
  "affinity_vector": {
    "western": 0.027301512880107282,
    "orthodox": 0.023962188407178103,
    "islamic": 0.11182645443061542,
    "sinic": 0.02751954279954853,
    "hindic": 0.04052828687794877,
    "japanese": 0.00959442749733272,
    "buddhist": 0.14505411113915198,
    "latin_american": 0.14852851920897242,
    "african": 0.2700570438925551,
    "indigenous": 0.0915297498129001,
    "oceanian": 0.10409816305368946
  },
  "data_quality": {
    "iw_coverage": "missing",
    "hofstede_coverage": "missing",
    "low_evidence": true,
    "x_viz_provenance": "imputed_pew",
    "x_score_provenance": "imputed_governance",
    "x_score_sigma_prior": [
      12.89482013219045,
      16.654266762366433,
      17.276090153261453,
      19.840361952573588,
      23.703391973204358,
      22.027751828622787
    ],
    "fallback_civilization_id": "latin_american",
    "pew_to_iw_model": {
      "training_n": 93,
      "rmse_ts": 0.4826353981600494,
      "rmse_se": 0.647842466967669
    },
    "governance_to_hofstede_model": {
      "training_n": 63,
      "rmse_per_dimension": {
        "pdi": 12.89482013219045,
        "idv": 16.654266762366433,
        "mas": 17.276090153261453,
        "uai": 19.840361952573588,
        "lto": 23.703391973204358,
        "ivr": 22.027751828622787
      }
    }
  },
  "source_refs": [
    "pew_religious_composition_2020",
    "wgi_2022",
    "fsi_2024"
  ],
  "curated_civilization": "latin_american",
  "curated_role": "periphery",
  "curated_civilizations_competing": null,
  "sub_cluster_id": null,
  "sub_cluster_label": null
}