{
  "iso3": "SWZ",
  "label": null,
  "x_viz": [
    -1.1839332525844468,
    -0.048374483948077085
  ],
  "x_viz_ellipse": {
    "sigma": [
      [
        0.23293692755710943,
        0.0
      ],
      [
        0.0,
        0.4196998620067553
      ]
    ],
    "confidence_level": 0.8,
    "source": "imputed_pew"
  },
  "x_score": [
    58.29483509660205,
    31.925838036437014,
    51.8491495704015,
    36.28021078936219,
    30.23611035958521,
    48.98219841060893
  ],
  "affinity_vector": {
    "western": 0.05624346720120866,
    "orthodox": 0.01606653096524303,
    "islamic": 0.11344865825939256,
    "sinic": 0.07127433322851766,
    "hindic": 0.11259292591736311,
    "japanese": 0.008122091845629818,
    "buddhist": 0.08515726011771334,
    "latin_american": 0.051626515683310795,
    "african": 0.21115221526050362,
    "indigenous": 0.04413930635183852,
    "oceanian": 0.23017669516927886
  },
  "data_quality": {
    "iw_coverage": "missing",
    "hofstede_coverage": "missing",
    "low_evidence": true,
    "x_viz_provenance": "imputed_pew",
    "x_score_provenance": "imputed_governance",
    "x_score_sigma_prior": [
      12.89482013219045,
      16.654266762366433,
      17.276090153261453,
      19.840361952573588,
      23.703391973204358,
      22.027751828622787
    ],
    "fallback_civilization_id": "african",
    "pew_to_iw_model": {
      "training_n": 93,
      "rmse_ts": 0.4826353981600494,
      "rmse_se": 0.647842466967669
    },
    "governance_to_hofstede_model": {
      "training_n": 63,
      "rmse_per_dimension": {
        "pdi": 12.89482013219045,
        "idv": 16.654266762366433,
        "mas": 17.276090153261453,
        "uai": 19.840361952573588,
        "lto": 23.703391973204358,
        "ivr": 22.027751828622787
      }
    }
  },
  "source_refs": [
    "pew_religious_composition_2020",
    "wgi_2022",
    "fsi_2024"
  ],
  "curated_civilization": "african",
  "curated_role": "core",
  "curated_civilizations_competing": null,
  "sub_cluster_id": null,
  "sub_cluster_label": null
}