{
  "iso3": "SYC",
  "label": null,
  "x_viz": [
    -0.6534996936247939,
    0.5804154970758209
  ],
  "x_viz_ellipse": {
    "sigma": [
      [
        0.23293692755710943,
        0.0
      ],
      [
        0.0,
        0.4196998620067553
      ]
    ],
    "confidence_level": 0.8,
    "source": "imputed_pew"
  },
  "x_score": [
    67.05930511877294,
    32.52576712553436,
    51.37161839588021,
    73.99954271388927,
    32.14820175851765,
    68.3606550447472
  ],
  "affinity_vector": {
    "western": 0.033080392386364114,
    "orthodox": 0.024609765014340063,
    "islamic": 0.08493227670133949,
    "sinic": 0.019108118628119043,
    "hindic": 0.02893105210351574,
    "japanese": 0.01095716098215113,
    "buddhist": 0.1211866002207197,
    "latin_american": 0.28004846774617703,
    "african": 0.20281164396448684,
    "indigenous": 0.09259169440147974,
    "oceanian": 0.10174282785130702
  },
  "data_quality": {
    "iw_coverage": "missing",
    "hofstede_coverage": "missing",
    "low_evidence": true,
    "x_viz_provenance": "imputed_pew",
    "x_score_provenance": "imputed_governance",
    "x_score_sigma_prior": [
      12.89482013219045,
      16.654266762366433,
      17.276090153261453,
      19.840361952573588,
      23.703391973204358,
      22.027751828622787
    ],
    "fallback_civilization_id": "african",
    "pew_to_iw_model": {
      "training_n": 93,
      "rmse_ts": 0.4826353981600494,
      "rmse_se": 0.647842466967669
    },
    "governance_to_hofstede_model": {
      "training_n": 63,
      "rmse_per_dimension": {
        "pdi": 12.89482013219045,
        "idv": 16.654266762366433,
        "mas": 17.276090153261453,
        "uai": 19.840361952573588,
        "lto": 23.703391973204358,
        "ivr": 22.027751828622787
      }
    }
  },
  "source_refs": [
    "pew_religious_composition_2020",
    "wgi_2022",
    "fsi_2024"
  ],
  "curated_civilization": "african",
  "curated_role": "periphery",
  "curated_civilizations_competing": null,
  "sub_cluster_id": null,
  "sub_cluster_label": null
}