{
  "iso3": "SYR",
  "label": null,
  "x_viz": [
    -1.665329060559187,
    -1.010475492890543
  ],
  "x_viz_ellipse": {
    "sigma": [
      [
        0.23293692755710943,
        0.0
      ],
      [
        0.0,
        0.4196998620067553
      ]
    ],
    "confidence_level": 0.8,
    "source": "imputed_pew"
  },
  "x_score": [
    70.42286681286926,
    23.031812740129872,
    50.53037102964586,
    27.471925520889585,
    33.46390714584265,
    26.14674314158474
  ],
  "affinity_vector": {
    "western": 0.029336008301961838,
    "orthodox": 0.0256338615018183,
    "islamic": 0.16404391379543676,
    "sinic": 0.15363532573815478,
    "hindic": 0.22622831965351742,
    "japanese": 0.008039719555163853,
    "buddhist": 0.09985859415808558,
    "latin_american": 0.032205037163174126,
    "african": 0.11858006491147839,
    "indigenous": 0.04763561468373278,
    "oceanian": 0.09480354053747608
  },
  "data_quality": {
    "iw_coverage": "missing",
    "hofstede_coverage": "missing",
    "low_evidence": true,
    "x_viz_provenance": "imputed_pew",
    "x_score_provenance": "imputed_governance",
    "x_score_sigma_prior": [
      12.89482013219045,
      16.654266762366433,
      17.276090153261453,
      19.840361952573588,
      23.703391973204358,
      22.027751828622787
    ],
    "fallback_civilization_id": "islamic",
    "pew_to_iw_model": {
      "training_n": 93,
      "rmse_ts": 0.4826353981600494,
      "rmse_se": 0.647842466967669
    },
    "governance_to_hofstede_model": {
      "training_n": 63,
      "rmse_per_dimension": {
        "pdi": 12.89482013219045,
        "idv": 16.654266762366433,
        "mas": 17.276090153261453,
        "uai": 19.840361952573588,
        "lto": 23.703391973204358,
        "ivr": 22.027751828622787
      }
    }
  },
  "source_refs": [
    "pew_religious_composition_2020",
    "wgi_2022",
    "fsi_2024"
  ],
  "curated_civilization": "islamic",
  "curated_role": "core",
  "curated_civilizations_competing": null,
  "sub_cluster_id": null,
  "sub_cluster_label": null
}