{
  "iso3": "TCD",
  "label": null,
  "x_viz": [
    -1.6061690036814669,
    -0.8743906102072259
  ],
  "x_viz_ellipse": {
    "sigma": [
      [
        0.23293692755710943,
        0.0
      ],
      [
        0.0,
        0.4196998620067553
      ]
    ],
    "confidence_level": 0.8,
    "source": "imputed_pew"
  },
  "x_score": [
    56.55117287620022,
    26.650513535324635,
    50.830176394453886,
    19.347274811348107,
    28.920844504023343,
    32.2158466340471
  ],
  "affinity_vector": {
    "western": 0.05251799581312029,
    "orthodox": 0.0187241170595922,
    "islamic": 0.12809351720890116,
    "sinic": 0.14223502352647918,
    "hindic": 0.19614254927647115,
    "japanese": 0.0085055428159563,
    "buddhist": 0.08012509852913632,
    "latin_american": 0.03485377441650435,
    "african": 0.13870662325455263,
    "indigenous": 0.040009409225736765,
    "oceanian": 0.1600863488735497
  },
  "data_quality": {
    "iw_coverage": "missing",
    "hofstede_coverage": "missing",
    "low_evidence": true,
    "x_viz_provenance": "imputed_pew",
    "x_score_provenance": "imputed_governance",
    "x_score_sigma_prior": [
      12.89482013219045,
      16.654266762366433,
      17.276090153261453,
      19.840361952573588,
      23.703391973204358,
      22.027751828622787
    ],
    "fallback_civilization_id": "islamic",
    "pew_to_iw_model": {
      "training_n": 93,
      "rmse_ts": 0.4826353981600494,
      "rmse_se": 0.647842466967669
    },
    "governance_to_hofstede_model": {
      "training_n": 63,
      "rmse_per_dimension": {
        "pdi": 12.89482013219045,
        "idv": 16.654266762366433,
        "mas": 17.276090153261453,
        "uai": 19.840361952573588,
        "lto": 23.703391973204358,
        "ivr": 22.027751828622787
      }
    }
  },
  "source_refs": [
    "pew_religious_composition_2020",
    "wgi_2022",
    "fsi_2024"
  ],
  "curated_civilization": null,
  "curated_role": "ambiguous",
  "curated_civilizations_competing": [
    "islamic",
    "african"
  ],
  "sub_cluster_id": null,
  "sub_cluster_label": null
}