{
  "iso3": "THA",
  "label": null,
  "x_viz": [
    -0.2,
    0.2
  ],
  "x_viz_ellipse": {
    "sigma": [
      [
        0.04000000000000001,
        0.0
      ],
      [
        0.0,
        0.04000000000000001
      ]
    ],
    "confidence_level": 0.8
  },
  "x_score": [
    64.0,
    20.0,
    34.0,
    64.0,
    32.0,
    45.0
  ],
  "affinity_vector": {
    "western": 0.026988168719244997,
    "orthodox": 0.04271894350034216,
    "islamic": 0.18424535254460198,
    "sinic": 0.04147302118995137,
    "hindic": 0.050473316593934954,
    "japanese": 0.007005138060265091,
    "buddhist": 0.22386169807484496,
    "latin_american": 0.10372283009491928,
    "african": 0.1275091812101106,
    "indigenous": 0.10787208020203459,
    "oceanian": 0.08413026980975011
  },
  "data_quality": {
    "iw_coverage": "present",
    "hofstede_coverage": "present",
    "low_evidence": false
  },
  "source_refs": [
    "wvs_wave7_2022",
    "hofstede_2010"
  ]
}