{
  "iso3": "THA",
  "label": null,
  "x_viz": [
    -0.2,
    0.2
  ],
  "x_viz_ellipse": {
    "sigma": [
      [
        0.04000000000000001,
        0.0
      ],
      [
        0.0,
        0.04000000000000001
      ]
    ],
    "confidence_level": 0.8,
    "source": "wvs_wave7_official"
  },
  "x_score": [
    64.0,
    20.0,
    34.0,
    64.0,
    32.0,
    45.0
  ],
  "affinity_vector": {
    "western": 0.026988168719244997,
    "orthodox": 0.04271894350034216,
    "islamic": 0.18424535254460198,
    "sinic": 0.04147302118995137,
    "hindic": 0.050473316593934954,
    "japanese": 0.007005138060265091,
    "buddhist": 0.22386169807484496,
    "latin_american": 0.10372283009491928,
    "african": 0.1275091812101106,
    "indigenous": 0.10787208020203459,
    "oceanian": 0.08413026980975011
  },
  "data_quality": {
    "iw_coverage": "present",
    "hofstede_coverage": "present",
    "low_evidence": false,
    "x_viz_provenance": "observed",
    "x_score_provenance": "observed",
    "x_score_sigma_prior": null,
    "fallback_civilization_id": "buddhist",
    "pew_to_iw_model": {
      "training_n": 93,
      "rmse_ts": 0.4826353981600494,
      "rmse_se": 0.647842466967669
    },
    "governance_to_hofstede_model": {
      "training_n": 63,
      "rmse_per_dimension": {
        "pdi": 12.89482013219045,
        "idv": 16.654266762366433,
        "mas": 17.276090153261453,
        "uai": 19.840361952573588,
        "lto": 23.703391973204358,
        "ivr": 22.027751828622787
      }
    }
  },
  "source_refs": [
    "wvs_wave7_2022",
    "hofstede_2010"
  ],
  "curated_civilization": "buddhist",
  "curated_role": "core",
  "curated_civilizations_competing": null,
  "sub_cluster_id": "theravada",
  "sub_cluster_label": "Theravada"
}