{
  "iso3": "TJK",
  "label": null,
  "x_viz": [
    -1.0695570852255156,
    0.30549211533933507
  ],
  "x_viz_ellipse": {
    "sigma": [
      [
        0.14149611837262427,
        0.0
      ],
      [
        0.0,
        0.29336848480021727
      ]
    ],
    "confidence_level": 0.8,
    "source": "wvs_wave7_predicted_from_items"
  },
  "x_score": [
    65.41297724927188,
    33.641249125231035,
    43.022354750392665,
    34.91558453917906,
    45.590230861752495,
    22.818881480791738
  ],
  "affinity_vector": {
    "western": 0.03916517331349429,
    "orthodox": 0.033964178997581744,
    "islamic": 0.13751479190609817,
    "sinic": 0.16594970534594233,
    "hindic": 0.28365877108058846,
    "japanese": 0.00958816799134176,
    "buddhist": 0.08863739735445123,
    "latin_american": 0.02511504117644057,
    "african": 0.0821039978352306,
    "indigenous": 0.04133290634890537,
    "oceanian": 0.09296986864992557
  },
  "data_quality": {
    "iw_coverage": "present",
    "hofstede_coverage": "missing",
    "low_evidence": true,
    "x_viz_provenance": "imputed_wvs_items",
    "x_score_provenance": "imputed_governance",
    "x_score_sigma_prior": [
      12.89482013219045,
      16.654266762366433,
      17.276090153261453,
      19.840361952573588,
      23.703391973204358,
      22.027751828622787
    ],
    "fallback_civilization_id": "islamic",
    "pew_to_iw_model": {
      "training_n": 93,
      "rmse_ts": 0.4826353981600494,
      "rmse_se": 0.647842466967669
    },
    "governance_to_hofstede_model": {
      "training_n": 63,
      "rmse_per_dimension": {
        "pdi": 12.89482013219045,
        "idv": 16.654266762366433,
        "mas": 17.276090153261453,
        "uai": 19.840361952573588,
        "lto": 23.703391973204358,
        "ivr": 22.027751828622787
      }
    }
  },
  "source_refs": [
    "wgi_2022",
    "fsi_2024"
  ],
  "curated_civilization": "islamic",
  "curated_role": "periphery",
  "curated_civilizations_competing": null,
  "sub_cluster_id": null,
  "sub_cluster_label": null
}