{
  "iso3": "TON",
  "label": null,
  "x_viz": [
    -0.9824917964091968,
    0.010471640797182546
  ],
  "x_viz_ellipse": {
    "sigma": [
      [
        0.23293692755710943,
        0.0
      ],
      [
        0.0,
        0.4196998620067553
      ]
    ],
    "confidence_level": 0.8,
    "source": "imputed_pew"
  },
  "x_score": [
    54.758898325686765,
    40.90565191630894,
    51.92208640828504,
    56.15643284162842,
    28.15318341095955,
    55.56040638291489
  ],
  "affinity_vector": {
    "western": 0.07639368127623301,
    "orthodox": 0.017727987820633118,
    "islamic": 0.10217479962529277,
    "sinic": 0.030014089084154105,
    "hindic": 0.06057030751176122,
    "japanese": 0.00993176217527327,
    "buddhist": 0.08348066943115426,
    "latin_american": 0.08689810334119304,
    "african": 0.2087084242786045,
    "indigenous": 0.045104608505835156,
    "oceanian": 0.2789955669498656
  },
  "data_quality": {
    "iw_coverage": "missing",
    "hofstede_coverage": "missing",
    "low_evidence": true,
    "x_viz_provenance": "imputed_pew",
    "x_score_provenance": "imputed_governance",
    "x_score_sigma_prior": [
      12.89482013219045,
      16.654266762366433,
      17.276090153261453,
      19.840361952573588,
      23.703391973204358,
      22.027751828622787
    ],
    "fallback_civilization_id": "oceanian",
    "pew_to_iw_model": {
      "training_n": 93,
      "rmse_ts": 0.4826353981600494,
      "rmse_se": 0.647842466967669
    },
    "governance_to_hofstede_model": {
      "training_n": 63,
      "rmse_per_dimension": {
        "pdi": 12.89482013219045,
        "idv": 16.654266762366433,
        "mas": 17.276090153261453,
        "uai": 19.840361952573588,
        "lto": 23.703391973204358,
        "ivr": 22.027751828622787
      }
    }
  },
  "source_refs": [
    "pew_religious_composition_2020",
    "wgi_2022",
    "fsi_2024"
  ],
  "curated_civilization": "oceanian",
  "curated_role": "core",
  "curated_civilizations_competing": null,
  "sub_cluster_id": null,
  "sub_cluster_label": null
}