{
  "iso3": "TTO",
  "label": null,
  "x_viz": [
    -1.4037221023824422,
    -0.46145830149186406
  ],
  "x_viz_ellipse": {
    "sigma": [
      [
        0.14149611837262427,
        0.0
      ],
      [
        0.0,
        0.29336848480021727
      ]
    ],
    "confidence_level": 0.8,
    "source": "wvs_wave6_predicted_from_items"
  },
  "x_score": [
    69.51374291335796,
    29.124849498085236,
    50.78978684416812,
    70.58526277848455,
    34.554080594976675,
    66.59878728680007
  ],
  "affinity_vector": {
    "western": 0.027766014986198614,
    "orthodox": 0.025042255814306098,
    "islamic": 0.09017146291286869,
    "sinic": 0.022496372260797422,
    "hindic": 0.031109768792750816,
    "japanese": 0.010044168328248249,
    "buddhist": 0.13848387057844289,
    "latin_american": 0.23068361686254094,
    "african": 0.22509076826170685,
    "indigenous": 0.1043605474977073,
    "oceanian": 0.09475115370443223
  },
  "data_quality": {
    "iw_coverage": "present",
    "hofstede_coverage": "missing",
    "low_evidence": true,
    "x_viz_provenance": "imputed_wvs_items",
    "x_score_provenance": "imputed_governance",
    "x_score_sigma_prior": [
      12.89482013219045,
      16.654266762366433,
      17.276090153261453,
      19.840361952573588,
      23.703391973204358,
      22.027751828622787
    ],
    "fallback_civilization_id": "western",
    "pew_to_iw_model": {
      "training_n": 93,
      "rmse_ts": 0.4826353981600494,
      "rmse_se": 0.647842466967669
    },
    "governance_to_hofstede_model": {
      "training_n": 63,
      "rmse_per_dimension": {
        "pdi": 12.89482013219045,
        "idv": 16.654266762366433,
        "mas": 17.276090153261453,
        "uai": 19.840361952573588,
        "lto": 23.703391973204358,
        "ivr": 22.027751828622787
      }
    }
  },
  "source_refs": [
    "wgi_2022",
    "fsi_2024"
  ],
  "curated_civilization": "western",
  "curated_role": "periphery",
  "curated_civilizations_competing": null,
  "sub_cluster_id": null,
  "sub_cluster_label": null
}