{
  "iso3": "TUN",
  "label": null,
  "x_viz": [
    -1.004625949058281,
    -1.1826613981448144
  ],
  "x_viz_ellipse": {
    "sigma": [
      [
        0.14149611837262427,
        0.0
      ],
      [
        0.0,
        0.29336848480021727
      ]
    ],
    "confidence_level": 0.8,
    "source": "wvs_wave7_predicted_from_items"
  },
  "x_score": [
    74.81051522083237,
    23.425506614563787,
    49.016000285931284,
    54.17249654807795,
    39.82925326029802,
    40.219097476620775
  ],
  "affinity_vector": {
    "western": 0.01964399339294558,
    "orthodox": 0.03628026500284992,
    "islamic": 0.2172087006379539,
    "sinic": 0.06845719105862814,
    "hindic": 0.09507463304511929,
    "japanese": 0.008579839410424867,
    "buddhist": 0.19550050826389506,
    "latin_american": 0.055957826078931905,
    "african": 0.14375680187514503,
    "indigenous": 0.08805718624081475,
    "oceanian": 0.07148305499329145
  },
  "data_quality": {
    "iw_coverage": "present",
    "hofstede_coverage": "missing",
    "low_evidence": true,
    "x_viz_provenance": "imputed_wvs_items",
    "x_score_provenance": "imputed_governance",
    "x_score_sigma_prior": [
      12.89482013219045,
      16.654266762366433,
      17.276090153261453,
      19.840361952573588,
      23.703391973204358,
      22.027751828622787
    ],
    "fallback_civilization_id": "islamic",
    "pew_to_iw_model": {
      "training_n": 93,
      "rmse_ts": 0.4826353981600494,
      "rmse_se": 0.647842466967669
    },
    "governance_to_hofstede_model": {
      "training_n": 63,
      "rmse_per_dimension": {
        "pdi": 12.89482013219045,
        "idv": 16.654266762366433,
        "mas": 17.276090153261453,
        "uai": 19.840361952573588,
        "lto": 23.703391973204358,
        "ivr": 22.027751828622787
      }
    }
  },
  "source_refs": [
    "wgi_2022",
    "fsi_2024"
  ],
  "curated_civilization": "islamic",
  "curated_role": "core",
  "curated_civilizations_competing": null,
  "sub_cluster_id": null,
  "sub_cluster_label": null
}