{
  "iso3": "TUR",
  "label": null,
  "x_viz": [
    -0.85,
    -0.65
  ],
  "x_viz_ellipse": {
    "sigma": [
      [
        0.0324,
        0.0
      ],
      [
        0.0,
        0.0324
      ]
    ],
    "confidence_level": 0.8
  },
  "x_score": [
    66.0,
    37.0,
    45.0,
    85.0,
    46.0,
    49.0
  ],
  "affinity_vector": {
    "western": 0.03801038822662221,
    "orthodox": 0.09236187282033731,
    "islamic": 0.1334790608872913,
    "sinic": 0.02813813895880586,
    "hindic": 0.044425869697151135,
    "japanese": 0.02263421133194631,
    "buddhist": 0.18806926803650192,
    "latin_american": 0.14506981095553118,
    "african": 0.09900099872243683,
    "indigenous": 0.13334063923478676,
    "oceanian": 0.0754697411285891
  },
  "data_quality": {
    "iw_coverage": "present",
    "hofstede_coverage": "present",
    "low_evidence": false
  },
  "source_refs": [
    "wvs_wave7_2022",
    "hofstede_2010"
  ],
  "curated_civilization": "islamic",
  "curated_role": "core",
  "curated_civilizations_competing": [
    "islamic",
    "western"
  ],
  "sub_cluster_id": "turco_iranian",
  "sub_cluster_label": "Turco-iranien"
}