{
  "iso3": "TZA",
  "label": null,
  "x_viz": [
    -1.3016559204886726,
    -0.5765275329098511
  ],
  "x_viz_ellipse": {
    "sigma": [
      [
        0.23293692755710943,
        0.0
      ],
      [
        0.0,
        0.4196998620067553
      ]
    ],
    "confidence_level": 0.8,
    "source": "imputed_pew"
  },
  "x_score": [
    65.57988520058409,
    25.401420314313146,
    55.0094876909905,
    40.629810220401076,
    31.948328665252227,
    46.26008277620598
  ],
  "affinity_vector": {
    "western": 0.03386459748662031,
    "orthodox": 0.01943554009562051,
    "islamic": 0.1462102548682742,
    "sinic": 0.07748008277099251,
    "hindic": 0.1121991202053911,
    "japanese": 0.008514449371198825,
    "buddhist": 0.11104013357877406,
    "latin_american": 0.05614591527258761,
    "african": 0.2290407784509977,
    "indigenous": 0.05806095158504262,
    "oceanian": 0.14800817631450064
  },
  "data_quality": {
    "iw_coverage": "missing",
    "hofstede_coverage": "missing",
    "low_evidence": true,
    "x_viz_provenance": "imputed_pew",
    "x_score_provenance": "imputed_governance",
    "x_score_sigma_prior": [
      12.89482013219045,
      16.654266762366433,
      17.276090153261453,
      19.840361952573588,
      23.703391973204358,
      22.027751828622787
    ],
    "fallback_civilization_id": "african",
    "pew_to_iw_model": {
      "training_n": 93,
      "rmse_ts": 0.4826353981600494,
      "rmse_se": 0.647842466967669
    },
    "governance_to_hofstede_model": {
      "training_n": 63,
      "rmse_per_dimension": {
        "pdi": 12.89482013219045,
        "idv": 16.654266762366433,
        "mas": 17.276090153261453,
        "uai": 19.840361952573588,
        "lto": 23.703391973204358,
        "ivr": 22.027751828622787
      }
    }
  },
  "source_refs": [
    "pew_religious_composition_2020",
    "wgi_2022",
    "fsi_2024"
  ],
  "curated_civilization": "african",
  "curated_role": "core",
  "curated_civilizations_competing": null,
  "sub_cluster_id": null,
  "sub_cluster_label": null
}