{
  "iso3": "UGA",
  "label": null,
  "x_viz": [
    -1.518532179876816,
    -0.5374913576691982
  ],
  "x_viz_ellipse": {
    "sigma": [
      [
        0.23293692755710943,
        0.0
      ],
      [
        0.0,
        0.4196998620067553
      ]
    ],
    "confidence_level": 0.8,
    "source": "imputed_pew"
  },
  "x_score": [
    57.45262143088946,
    29.08720193758571,
    48.81788133901178,
    30.112014815710666,
    29.294177511049007,
    38.321481637150406
  ],
  "affinity_vector": {
    "western": 0.053830495988815195,
    "orthodox": 0.01924152832314724,
    "islamic": 0.13670317355492353,
    "sinic": 0.10359814202181467,
    "hindic": 0.15999617476355105,
    "japanese": 0.00808283483628226,
    "buddhist": 0.08977595577231182,
    "latin_american": 0.04242670411277073,
    "african": 0.16077163028066174,
    "indigenous": 0.04370232033149699,
    "oceanian": 0.1818710400142246
  },
  "data_quality": {
    "iw_coverage": "missing",
    "hofstede_coverage": "missing",
    "low_evidence": true,
    "x_viz_provenance": "imputed_pew",
    "x_score_provenance": "imputed_governance",
    "x_score_sigma_prior": [
      12.89482013219045,
      16.654266762366433,
      17.276090153261453,
      19.840361952573588,
      23.703391973204358,
      22.027751828622787
    ],
    "fallback_civilization_id": "african",
    "pew_to_iw_model": {
      "training_n": 93,
      "rmse_ts": 0.4826353981600494,
      "rmse_se": 0.647842466967669
    },
    "governance_to_hofstede_model": {
      "training_n": 63,
      "rmse_per_dimension": {
        "pdi": 12.89482013219045,
        "idv": 16.654266762366433,
        "mas": 17.276090153261453,
        "uai": 19.840361952573588,
        "lto": 23.703391973204358,
        "ivr": 22.027751828622787
      }
    }
  },
  "source_refs": [
    "pew_religious_composition_2020",
    "wgi_2022",
    "fsi_2024"
  ],
  "curated_civilization": "african",
  "curated_role": "core",
  "curated_civilizations_competing": null,
  "sub_cluster_id": null,
  "sub_cluster_label": null
}