{
  "iso3": "UKR",
  "label": null,
  "x_viz": [
    0.2,
    -0.85
  ],
  "x_viz_ellipse": {
    "sigma": [
      [
        0.0324,
        0.0
      ],
      [
        0.0,
        0.0324
      ]
    ],
    "confidence_level": 0.8,
    "source": "wvs_wave7_official"
  },
  "x_score": [
    92.0,
    25.0,
    27.0,
    95.0,
    86.0,
    18.0
  ],
  "affinity_vector": {
    "western": 0.010927064593023141,
    "orthodox": 0.5451773331346026,
    "islamic": 0.06230575763321579,
    "sinic": 0.049516991612641593,
    "hindic": 0.040630729916811666,
    "japanese": 0.02809366845432222,
    "buddhist": 0.09475469074911387,
    "latin_american": 0.02821858151851611,
    "african": 0.023673621120204446,
    "indigenous": 0.10009414082863284,
    "oceanian": 0.016607420438915593
  },
  "data_quality": {
    "iw_coverage": "present",
    "hofstede_coverage": "present",
    "low_evidence": false,
    "x_viz_provenance": "observed",
    "x_score_provenance": "observed",
    "x_score_sigma_prior": null,
    "fallback_civilization_id": "orthodox",
    "pew_to_iw_model": {
      "training_n": 93,
      "rmse_ts": 0.4826353981600494,
      "rmse_se": 0.647842466967669
    },
    "governance_to_hofstede_model": {
      "training_n": 63,
      "rmse_per_dimension": {
        "pdi": 12.89482013219045,
        "idv": 16.654266762366433,
        "mas": 17.276090153261453,
        "uai": 19.840361952573588,
        "lto": 23.703391973204358,
        "ivr": 22.027751828622787
      }
    }
  },
  "source_refs": [
    "wvs_wave7_2022",
    "hofstede_2010"
  ],
  "curated_civilization": "orthodox",
  "curated_role": "core",
  "curated_civilizations_competing": [
    "orthodox",
    "western"
  ],
  "sub_cluster_id": "slavic_orthodox",
  "sub_cluster_label": "Orthodoxe slave"
}