{
  "iso3": "URY",
  "label": null,
  "x_viz": [
    -0.05,
    1.1
  ],
  "x_viz_ellipse": {
    "sigma": [
      [
        0.04000000000000001,
        0.0
      ],
      [
        0.0,
        0.04000000000000001
      ]
    ],
    "confidence_level": 0.8,
    "source": "wvs_wave7_official"
  },
  "x_score": [
    61.0,
    36.0,
    38.0,
    99.0,
    26.0,
    53.0
  ],
  "affinity_vector": {
    "western": 0.040485965258815114,
    "orthodox": 0.07417616926816807,
    "islamic": 0.12607242598145835,
    "sinic": 0.01562883326187994,
    "hindic": 0.028422287966003695,
    "japanese": 0.01596597763100684,
    "buddhist": 0.15186252541958992,
    "latin_american": 0.27874267583162915,
    "african": 0.09008973226536016,
    "indigenous": 0.10949592299115438,
    "oceanian": 0.06905748412493441
  },
  "data_quality": {
    "iw_coverage": "present",
    "hofstede_coverage": "present",
    "low_evidence": false,
    "x_viz_provenance": "observed",
    "x_score_provenance": "observed",
    "x_score_sigma_prior": null,
    "fallback_civilization_id": "latin_american",
    "pew_to_iw_model": {
      "training_n": 93,
      "rmse_ts": 0.4826353981600494,
      "rmse_se": 0.647842466967669
    },
    "governance_to_hofstede_model": {
      "training_n": 63,
      "rmse_per_dimension": {
        "pdi": 12.89482013219045,
        "idv": 16.654266762366433,
        "mas": 17.276090153261453,
        "uai": 19.840361952573588,
        "lto": 23.703391973204358,
        "ivr": 22.027751828622787
      }
    }
  },
  "source_refs": [
    "wvs_wave7_2022",
    "hofstede_2010"
  ],
  "curated_civilization": "latin_american",
  "curated_role": "core",
  "curated_civilizations_competing": null,
  "sub_cluster_id": "southern_cone",
  "sub_cluster_label": "Cône Sud"
}