{
  "iso3": "VCT",
  "label": null,
  "x_viz": [
    -0.7278457287220492,
    0.08408106945096638
  ],
  "x_viz_ellipse": {
    "sigma": [
      [
        0.23293692755710943,
        0.0
      ],
      [
        0.0,
        0.4196998620067553
      ]
    ],
    "confidence_level": 0.8,
    "source": "imputed_pew"
  },
  "x_score": [
    66.07257405433707,
    33.49032267655022,
    48.1322954032961,
    62.06904005686395,
    37.243173374955404,
    52.27913888184266
  ],
  "affinity_vector": {
    "western": 0.03793248767833279,
    "orthodox": 0.02995812929454893,
    "islamic": 0.1438926151083326,
    "sinic": 0.037135861657287134,
    "hindic": 0.061523716857280884,
    "japanese": 0.010161986042093722,
    "buddhist": 0.15626868344956057,
    "latin_american": 0.09921715780537799,
    "african": 0.2113276973829284,
    "indigenous": 0.07976434022437505,
    "oceanian": 0.13281732449988204
  },
  "data_quality": {
    "iw_coverage": "missing",
    "hofstede_coverage": "missing",
    "low_evidence": true,
    "x_viz_provenance": "imputed_pew",
    "x_score_provenance": "imputed_governance",
    "x_score_sigma_prior": [
      12.89482013219045,
      16.654266762366433,
      17.276090153261453,
      19.840361952573588,
      23.703391973204358,
      22.027751828622787
    ],
    "fallback_civilization_id": "western",
    "pew_to_iw_model": {
      "training_n": 93,
      "rmse_ts": 0.4826353981600494,
      "rmse_se": 0.647842466967669
    },
    "governance_to_hofstede_model": {
      "training_n": 63,
      "rmse_per_dimension": {
        "pdi": 12.89482013219045,
        "idv": 16.654266762366433,
        "mas": 17.276090153261453,
        "uai": 19.840361952573588,
        "lto": 23.703391973204358,
        "ivr": 22.027751828622787
      }
    }
  },
  "source_refs": [
    "pew_religious_composition_2020",
    "wgi_2022",
    "fsi_2024"
  ],
  "curated_civilization": "western",
  "curated_role": "periphery",
  "curated_civilizations_competing": null,
  "sub_cluster_id": null,
  "sub_cluster_label": null
}