{
  "iso3": "VNM",
  "label": null,
  "x_viz": [
    0.05,
    -0.2
  ],
  "x_viz_ellipse": {
    "sigma": [
      [
        0.04000000000000001,
        0.0
      ],
      [
        0.0,
        0.04000000000000001
      ]
    ],
    "confidence_level": 0.8,
    "source": "wvs_wave7_official"
  },
  "x_score": [
    70.0,
    20.0,
    40.0,
    30.0,
    57.0,
    35.0
  ],
  "affinity_vector": {
    "western": 0.02614127653799922,
    "orthodox": 0.031069831639227212,
    "islamic": 0.09225092812090899,
    "sinic": 0.34278441953425587,
    "hindic": 0.15783165065224258,
    "japanese": 0.008803186063114914,
    "buddhist": 0.09420535872774537,
    "latin_american": 0.025565107072191635,
    "african": 0.08668234211470087,
    "indigenous": 0.05764960207156986,
    "oceanian": 0.07701629746604349
  },
  "data_quality": {
    "iw_coverage": "present",
    "hofstede_coverage": "present",
    "low_evidence": false,
    "x_viz_provenance": "observed",
    "x_score_provenance": "observed",
    "x_score_sigma_prior": null,
    "fallback_civilization_id": "sinic",
    "pew_to_iw_model": {
      "training_n": 93,
      "rmse_ts": 0.4826353981600494,
      "rmse_se": 0.647842466967669
    },
    "governance_to_hofstede_model": {
      "training_n": 63,
      "rmse_per_dimension": {
        "pdi": 12.89482013219045,
        "idv": 16.654266762366433,
        "mas": 17.276090153261453,
        "uai": 19.840361952573588,
        "lto": 23.703391973204358,
        "ivr": 22.027751828622787
      }
    }
  },
  "source_refs": [
    "wvs_wave7_2022",
    "hofstede_2010"
  ],
  "curated_civilization": "sinic",
  "curated_role": "core",
  "curated_civilizations_competing": [
    "sinic",
    "buddhist"
  ],
  "sub_cluster_id": "mainland_sinic",
  "sub_cluster_label": "Sinic continental"
}