{
  "iso3": "VNM",
  "label": null,
  "x_viz": [
    0.05,
    -0.2
  ],
  "x_viz_ellipse": {
    "sigma": [
      [
        0.04000000000000001,
        0.0
      ],
      [
        0.0,
        0.04000000000000001
      ]
    ],
    "confidence_level": 0.8
  },
  "x_score": [
    70.0,
    20.0,
    40.0,
    30.0,
    57.0,
    35.0
  ],
  "affinity_vector": {
    "western": 0.02614127653799922,
    "orthodox": 0.031069831639227212,
    "islamic": 0.09225092812090899,
    "sinic": 0.34278441953425587,
    "hindic": 0.15783165065224258,
    "japanese": 0.008803186063114914,
    "buddhist": 0.09420535872774537,
    "latin_american": 0.025565107072191635,
    "african": 0.08668234211470087,
    "indigenous": 0.05764960207156986,
    "oceanian": 0.07701629746604349
  },
  "data_quality": {
    "iw_coverage": "present",
    "hofstede_coverage": "present",
    "low_evidence": false
  },
  "source_refs": [
    "wvs_wave7_2022",
    "hofstede_2010"
  ]
}