{
  "iso3": "YEM",
  "label": null,
  "x_viz": [
    -1.4812004654400512,
    -0.7693651982126952
  ],
  "x_viz_ellipse": {
    "sigma": [
      [
        0.14149611837262427,
        0.0
      ],
      [
        0.0,
        0.29336848480021727
      ]
    ],
    "confidence_level": 0.8,
    "source": "wvs_wave6_predicted_from_items"
  },
  "x_score": [
    56.76644007896775,
    35.21517827712401,
    51.23125033500646,
    12.522758258131383,
    21.33160862138505,
    15.464951829590557
  ],
  "affinity_vector": {
    "western": 0.06068463909387654,
    "orthodox": 0.021154147945770745,
    "islamic": 0.14010335619921294,
    "sinic": 0.13003330930456783,
    "hindic": 0.26760105736520834,
    "japanese": 0.009011758226163551,
    "buddhist": 0.07061761160892241,
    "latin_american": 0.028555855863742884,
    "african": 0.10586293662077077,
    "indigenous": 0.031623353931521436,
    "oceanian": 0.1347519738402425
  },
  "data_quality": {
    "iw_coverage": "present",
    "hofstede_coverage": "missing",
    "low_evidence": true,
    "x_viz_provenance": "imputed_wvs_items",
    "x_score_provenance": "imputed_governance",
    "x_score_sigma_prior": [
      12.89482013219045,
      16.654266762366433,
      17.276090153261453,
      19.840361952573588,
      23.703391973204358,
      22.027751828622787
    ],
    "fallback_civilization_id": "islamic",
    "pew_to_iw_model": {
      "training_n": 93,
      "rmse_ts": 0.4826353981600494,
      "rmse_se": 0.647842466967669
    },
    "governance_to_hofstede_model": {
      "training_n": 63,
      "rmse_per_dimension": {
        "pdi": 12.89482013219045,
        "idv": 16.654266762366433,
        "mas": 17.276090153261453,
        "uai": 19.840361952573588,
        "lto": 23.703391973204358,
        "ivr": 22.027751828622787
      }
    }
  },
  "source_refs": [
    "wgi_2022",
    "fsi_2024"
  ],
  "curated_civilization": "islamic",
  "curated_role": "core",
  "curated_civilizations_competing": null,
  "sub_cluster_id": null,
  "sub_cluster_label": null
}