{
  "iso3": "ZAF",
  "label": null,
  "x_viz": [
    -0.6,
    0.0
  ],
  "x_viz_ellipse": {
    "sigma": [
      [
        0.04000000000000001,
        0.0
      ],
      [
        0.0,
        0.04000000000000001
      ]
    ],
    "confidence_level": 0.8
  },
  "x_score": [
    49.0,
    65.0,
    63.0,
    49.0,
    34.0,
    63.0
  ],
  "affinity_vector": {
    "western": 0.25240972412803697,
    "orthodox": 0.01235153931857809,
    "islamic": 0.05110203660083526,
    "sinic": 0.02706744712523509,
    "hindic": 0.06984200834246522,
    "japanese": 0.017352066570372002,
    "buddhist": 0.0397622603863781,
    "latin_american": 0.0489544882383128,
    "african": 0.12695809428800306,
    "indigenous": 0.024004305976883477,
    "oceanian": 0.3301960290249
  },
  "data_quality": {
    "iw_coverage": "present",
    "hofstede_coverage": "present",
    "low_evidence": false
  },
  "source_refs": [
    "wvs_wave7_2022",
    "hofstede_2010"
  ],
  "curated_civilization": "african",
  "curated_role": "core",
  "curated_civilizations_competing": [
    "african",
    "western"
  ],
  "sub_cluster_id": "southern_africa",
  "sub_cluster_label": "Afrique australe"
}