{
  "iso3": "ZAF",
  "label": null,
  "x_viz": [
    -0.6,
    0.0
  ],
  "x_viz_ellipse": {
    "sigma": [
      [
        0.04000000000000001,
        0.0
      ],
      [
        0.0,
        0.04000000000000001
      ]
    ],
    "confidence_level": 0.8,
    "source": "wvs_wave7_official"
  },
  "x_score": [
    49.0,
    65.0,
    63.0,
    49.0,
    34.0,
    63.0
  ],
  "affinity_vector": {
    "western": 0.25240972412803697,
    "orthodox": 0.01235153931857809,
    "islamic": 0.05110203660083526,
    "sinic": 0.02706744712523509,
    "hindic": 0.06984200834246522,
    "japanese": 0.017352066570372002,
    "buddhist": 0.0397622603863781,
    "latin_american": 0.0489544882383128,
    "african": 0.12695809428800306,
    "indigenous": 0.024004305976883477,
    "oceanian": 0.3301960290249
  },
  "data_quality": {
    "iw_coverage": "present",
    "hofstede_coverage": "present",
    "low_evidence": false,
    "x_viz_provenance": "observed",
    "x_score_provenance": "observed",
    "x_score_sigma_prior": null,
    "fallback_civilization_id": "african",
    "pew_to_iw_model": {
      "training_n": 93,
      "rmse_ts": 0.4826353981600494,
      "rmse_se": 0.647842466967669
    },
    "governance_to_hofstede_model": {
      "training_n": 63,
      "rmse_per_dimension": {
        "pdi": 12.89482013219045,
        "idv": 16.654266762366433,
        "mas": 17.276090153261453,
        "uai": 19.840361952573588,
        "lto": 23.703391973204358,
        "ivr": 22.027751828622787
      }
    }
  },
  "source_refs": [
    "wvs_wave7_2022",
    "hofstede_2010"
  ],
  "curated_civilization": "african",
  "curated_role": "core",
  "curated_civilizations_competing": [
    "african",
    "western"
  ],
  "sub_cluster_id": "southern_africa",
  "sub_cluster_label": "Afrique australe"
}