{
  "iso3": "ZMB",
  "label": null,
  "x_viz": [
    -1.2,
    -0.3
  ],
  "x_viz_ellipse": {
    "sigma": [
      [
        0.0625,
        0.0
      ],
      [
        0.0,
        0.0625
      ]
    ],
    "confidence_level": 0.8,
    "source": "wvs_wave7_official"
  },
  "x_score": [
    75.0,
    30.0,
    60.0,
    55.0,
    55.0,
    55.0
  ],
  "affinity_vector": {
    "western": 0.029681483724300167,
    "orthodox": 0.035794193930328407,
    "islamic": 0.10320168866870395,
    "sinic": 0.09176533061869427,
    "hindic": 0.09405565313394862,
    "japanese": 0.021321024993448023,
    "buddhist": 0.13798626632307084,
    "latin_american": 0.06627804943273642,
    "african": 0.20533056539786346,
    "indigenous": 0.10992036573244396,
    "oceanian": 0.1046653780444621
  },
  "data_quality": {
    "iw_coverage": "present",
    "hofstede_coverage": "missing",
    "low_evidence": true,
    "x_viz_provenance": "observed",
    "x_score_provenance": "observed_with_dim_imputation",
    "x_score_sigma_prior": null,
    "fallback_civilization_id": "african",
    "pew_to_iw_model": {
      "training_n": 93,
      "rmse_ts": 0.4826353981600494,
      "rmse_se": 0.647842466967669
    },
    "governance_to_hofstede_model": {
      "training_n": 63,
      "rmse_per_dimension": {
        "pdi": 12.89482013219045,
        "idv": 16.654266762366433,
        "mas": 17.276090153261453,
        "uai": 19.840361952573588,
        "lto": 23.703391973204358,
        "ivr": 22.027751828622787
      }
    }
  },
  "source_refs": [
    "wvs_wave7_2022",
    "hofstede_2010"
  ],
  "curated_civilization": "african",
  "curated_role": "periphery",
  "curated_civilizations_competing": null,
  "sub_cluster_id": "southern_africa",
  "sub_cluster_label": "Afrique australe"
}