{
  "iso3": "ZWE",
  "label": null,
  "x_viz": [
    -1.15,
    -0.4
  ],
  "x_viz_ellipse": {
    "sigma": [
      [
        0.0625,
        0.0
      ],
      [
        0.0,
        0.0625
      ]
    ],
    "confidence_level": 0.8,
    "source": "wvs_wave7_official"
  },
  "x_score": [
    75.0,
    25.0,
    60.0,
    55.0,
    53.75,
    53.75
  ],
  "affinity_vector": {
    "western": 0.024192704006473276,
    "orthodox": 0.03539909940276959,
    "islamic": 0.10907324531297671,
    "sinic": 0.09428092771878699,
    "hindic": 0.08491250259448262,
    "japanese": 0.019138505284828418,
    "buddhist": 0.1504192065944316,
    "latin_american": 0.06699419840018221,
    "african": 0.20073916332472105,
    "indigenous": 0.12349327522483891,
    "oceanian": 0.0913571721355087
  },
  "data_quality": {
    "iw_coverage": "present",
    "hofstede_coverage": "missing",
    "low_evidence": true,
    "x_viz_provenance": "observed",
    "x_score_provenance": "observed_with_dim_imputation",
    "x_score_sigma_prior": null,
    "fallback_civilization_id": "african",
    "pew_to_iw_model": {
      "training_n": 93,
      "rmse_ts": 0.4826353981600494,
      "rmse_se": 0.647842466967669
    },
    "governance_to_hofstede_model": {
      "training_n": 63,
      "rmse_per_dimension": {
        "pdi": 12.89482013219045,
        "idv": 16.654266762366433,
        "mas": 17.276090153261453,
        "uai": 19.840361952573588,
        "lto": 23.703391973204358,
        "ivr": 22.027751828622787
      }
    }
  },
  "source_refs": [
    "wvs_wave7_2022",
    "hofstede_2010"
  ],
  "curated_civilization": "african",
  "curated_role": "periphery",
  "curated_civilizations_competing": null,
  "sub_cluster_id": "southern_africa",
  "sub_cluster_label": "Afrique australe"
}